entry_id,entry_name,year_from,year_to
23,Late Shang Religion,-1250,-1045
37,Japanese Buddhism (Modern),1868,2013
93,State cult of the Han Dynasty,-202,220
96,Chinese Church of the East,635,1368
129,Late Tokugawa Neo-Confucianism,1800,1853
137,Singapore Confucianism,1950,2014
143,Qin state religion,-278,-206
172,Mithraism,100,400
173,Johannine Christianity,90,120
174,Matthew-James-Didache Movement,50,160
175,Alexandrian Christianity (late second century),150,200
176,Qumran Movement,-150,68
177,Jesus movement,30,70
178,Ancestral Cult of the Han,-206,220
180,Chinese Folk Religion,-350,200
181,Early Judaism,-300,200
182,Pauline Christianity,48,56
183,Philonic Judaism,0,45
184,Chinese Buddhism (Northern Wei),386,534
185,Shinnyo-en,1936,2013
186,Buddhism (Late Ming),1590,1644
187,Chinese State Religion (Shang and Western Zhou),-1750,-850
189,Israelite Religion,-1200,-515
190,Sri Lankan Buddhism (1948-Present),1948,2015
191,Early Khalsa Sikhs,1699,1799
192,Fijian Religion (pre-conversion),1835,1854
193,Fijian Religion (contemporary),2000,2013
195,Shakta Religion,500,1100
196,Pauline Christianity (ca. 45-60 CE),45,60
197,Gönlung Monastery (dgon lung byams pa gling),1604,1958
198,Religion in Attica (600-300BCE),-600,-300
199,Mithraism,100,400
200,Nechung Cult,1650,1850
201,Mediterranean,-500,500
202,Early Zhou Religion,-1046,-771
203,Pre-imperial Chu Religion,-790,-223
204,Han Confucianism,-206,220
207,Buddhism in the Tang,600,1000
209,Ancient Egypt,-2000,-30
210,Jesus Associations and the Synoptic Gospels,50,150
211,Amarna Religion,-1350,-1320
212,Warring States (China) Religion,-481,-206
213,Singapore Confucianism 2,35,2015
215,Roman Religion,-600,300
216,Mesopotamia,-3200,-612
217,Roman private religion,-202,-44
218,Northern Wei Buddho-Daoism,480,600
222,Late Classic Lowland Maya,600,900
223,Singapore Confucianism 3,555,777
224,Old Norse Fornsed,600,1100
225,Vaisnavism,600,900
227,Hindu Goddess Worship in Northwest India—Modern Period,1980,2000
228,Late Chosŏn Korea,1600,1900
230,Religion in Mesopotamia,-3300,-539
231,Roman private religion,-600,-202
232,Pre-Dynastic Lower Egypt,-5050,-3050
233,Khartoum Neolithic,-3750,-1600
234,East African Neolithic I,-3050,750
236,East African Neolithic II,-1050,750
237,Central African Neolithic,-2950,-50
238,Central African Iron Age,-400,1450
239,North African Proto-Historic,-2050,-1050
240,Late Medieval Chinese State Religion,775,960
244,Early Tokugawa Neo-Confucianism,1600,1700
245,Warring States Confucian Thought,-450,-221
246,Acacus Mountains and Tassili n'Ajjer Neolithic,-6050,-1050
247,Air and Tenere Neolithic,-4050,-1050
248,Huanglong Chan Buddhism,1036,1191
249,Tyva Republic (Animism-Totemism-Shamanism),1990,2013
250,"Tiantai Buddhism (Song Dynasty, Liangzhe Circuit)",960,1279
252,Wilton,-8050,-50
253,West African Iron Age Religion,-550,750
255,Talismanic Religion,-200,500
256,Etruscan Religion,-10,-1
257,Classic Zapotec,250,850
258,French Christianity,1500,1750
263,Irish Catholicism,2000,2015
264,Alumbrados,1492,1550
282,canons of the holy sepulchre,1099,1291
284,Yolngu religion,-3500,2015
287,Mithraism,100,400
288,Taino,1000,1500
289,Marquesan religion,1745,1770
294,Xuanxue 玄學,200,600
299,Shang State Religion,-1250,-1046
300,Israelite Religion,-1200,-515
308,Neo-Assyrian Scholars,-900,-501
309,Han Dynasty Buddho-Daoism before An Shigao,50,148
310,Aztec Imperial Core,1325,1519
316,The Victorines,1109,1250
317,Tibetan Buddhism,-7,20
325,Religion at Mawangdui,-193,-168
337,Inca,1300,1550
338,Kwakwaka'wakw Indigenous Canadian Religion,1800,1950
341,Pauline Christianity,45,60
342,Jesus Associations and the Synoptic Gospels,50,150
343,Hawaii,1750,1775
344,Traditional Hawaii,1750,1775
348,Yanshi Shangcheng,-1600,-1365
354,Priests and Scholars of Hellenistic Uruk,-330,-125
355,Paul the Apostle,50,60
358,16th-17th c. Gauḍīya Vaiṣṇava Tradition,1500,1700
361,Classical Greek Religion,-500,-300
362,Early Boondogglism,2009,2012
364,Chittagong Plain Buddhists,1860,2010
365,Hinduism,-500,1950
367,Jehovah's Witnesses,-1870,2016
373,Late Colonial Virginia Religious History,1750,1800
374,Non-dual Śaiva Tantra,800,1600
378,Bahinabai Chaudhari's Songs: A Performance Tradition in Maharashtra,1880,1951
381,Sikhism: Guru Nanak to Guru Arjan,1469,1606
383,Varkaris,1200,1700
386,Kapingamarangi,1877,1877
387,Ahmadi; Ahmadiyya Muslim Jama'at; Ahmadiya,1889,2016
389,Iban traditional religion,1840,1970
390,Dasara,1610,2016
392,Sikhism: Guru Hargobind to Guru Gobind Singh,1606,1708
395,International Society for Krishna Consciousness (ISKCON),1966,2016
398,globalregion,1,2
399,Early Christian Scotland,450,1100
400,Singaporean Mega-Churches,1980,2015
401,The People's Temple,1955,1978
402,Heaven's Gate,1974,1997
403,Rabbinic Judaism,70,600
404,Shangqing 上清,300,900
406,Daoism,142,2014
415,Shaiva World Renouncers,1970,2015
416,Edinoverie,1800,1918
418,Tikopia Religion,1900,1950
419,The Worship of Jagannath in Puri (Odisha),1970,2016
420,Swaminarayan Sampraday,1800,2017
422,Demeter Cult,-1500,396
423,Mediterranean,-500,500
424,Achaemenid Religion,-550,-330
426,Central Andes Formative Period Religion,-1800,-550
430,Yahgan,1865,1933
431,Bona Dea Cult,-123,430
432,Tehuelche,1871,1914
433,Essene Judaism,-300,100
434,Elephantine Judean/Jewish Community,-515,-390
435,Mongol Religion,1206,1368
436,Mapuche,500,2002
437,Abipon,1500,1770
438,Aweikoma,1850,1998
439,Śaiva Magic,800,1500
440,"Jain Digambara Tantra, Karnataka",900,1200
441,Worshipers of Śītalā,1690,2017
442,Donatism,311,427
443,Tyva (Buddhism),1634,2017
444,Sursurunga,1920,2017
445,Melitian Christianity,303,360
446,Tupinamba,1500,1750
447,Trumai,1820,1940
448,Nambicuara,1718,1990
449,Montanism,172,400
450,Sirionó,1580,2006
451,Aymara,1430,1987
453,Guangzhou (Buddhism),1985,2017
455,Lan Na Buddhism,1292,1558
456,The Essenes,-165,75
457,Kananga - Pentacostal,2013,2017
458,Tanna - Christian,1869,2017
459,Tanna - Kastom,-1100,2017
460,Jivaro,1956,2000
461,Cayapa,1597,1998
462,Tukano,1550,1989
463,Mundurucu,1770,1980
464,Saramacca,1762,1989
465,Mysore,2014,2016
466,"BH Expert source entry, working title- Brāhmaṇas: Followers of the Vedic Seers in the Middle to Late Vedic Period",-900,-500
467,"SJ Expert source entry, working title - Vedic Poets, Warriors, and Seers: The Ṛṣis and Early Vedic Community",-1200,-900
468,Turkana,1870,2017
469,Won-Buddhism,1916,2017
470,Archaic Spartan Cults,-800,-500
471,Urban Northern Ireland,2015,2016
472,Karma Kagyu or Kamtsang Kagyu,1110,2017
473,"PO Expert source entry #1, working title - Urban Brahmins and Patrons in the Śramaṇa Period",-500,-185
474,"PO Expert source entry #2, suggested title - Mauryan Dynasty under Aśoka",-268,-232
475,Yiguandao 一貫道,1890,2017
476,Cham Bani,1000,2015
477,Tractarian Movement,1833,1845
478,Early Indian Buddhism,-450,1
479,Mesopotamian city-state cults of the Early Dynastic periods,-2900,-2300
480,"PO Expert Source Entry #3, tentative title- The Gupta Dynasty",315,551
481,Huichol,1780,2000
482,Miskito,1700,2000
483,Northern Irish Roman Catholics,2015,2016
484,Northern Irish Protestants,2015,2016
485,Sámi pre-Christian religion,500,1500
486,Church of Jesus Christ of Latter-day Saints (early),1830,1951
487,Bribri,1502,2010
488,Yanomamo,1750,2010
489,Callinago,1750,2010
490,Guglielmites,1260,1302
491,Anglican Church,1530,2017
492,Roman Divination,-800,380
493,Krishna Worship in North India - Modern Period,1858,2017
494,Cuna,1800,1995
495,Goajiro,1499,2012
496,Haitians,1791,2006
497,Carib,1890,1970
498,Papago,1700,2000
499,Huvasupai,1700,2005
500,Zuni,700,2000
501,Chiricahua,1800,2010
502,Comanche,1700,2000
503,Creek,1700,2001
507,Athenian Civic Religion,-700,-323
509,Omaha,1700,1994
510,Pawnee,1830,2010
511,Gros Ventre,1700,2000
512,Klamath,1700,1990
513,Yokuts,1750,1990
514,Pomo (Eastern),1800,2000
515,Yurok,1775,2000
516,Bellacoola,1750,2010
517,Haida,1750,2010
518,Kaska,1800,2000
519,Saulteaux,1600,2000
520,Cham Ahiér,1600,2015
522,Mi'kmaq,1500,2011
524,Montagnais,1600,1990
525,Church of Jesus Christ of Latter-day Saints (modern),1951,2018
526,Hmong Christianity,1900,2018
528,Copper Inuit,1771,1980
529,Aleut,1741,1995
530,Ingalik,1830,2010
531,Chukchee,1641,1989
532,Gilyak,1650,1989
533,Ainu,1263,2007
534,Roman Imperial Cult,-42,518
535,Pāśupatas,200,1200
536,Manchu,947,2000
537,Ifugao,1550,1970
538,Yapese,1526,2003
539,Trukese,1880,1988
540,Tikopia,1606,1980
541,Siuai,1900,2000
542,New Ireland,1884,1975
543,Manus,1884,2000
544,Kwoma,1900,2003
545,Kapauku,1938,1990
546,Orokaiva,1988,1989
547,Aranda,1860,2000
548,Tiwi,1750,1986
549,Alorese,1854,1980
550,Iban,1841,1989
551,Tanala,1810,1998
552,Vedda,1000,1970
553,Andamanese,1788,1983
554,Nicobarese,1750,2011
555,Semang,1900,1986
556,Lolo,1000,2000
557,Burusho,1878,2000
558,Uttar Pradesh,1500,2010
559,Santal,1854,1991
561,Medieval Vaṭakalai Śrīvaiṣṇavism,1017,1445
562,Medieval Śrīvaiṣṇavism,1017,1445
563,"Gaddi, a Hindu community of the Western Himalayas",1845,2018
564,Tribal Christianity (and allied castes) in the Himalayas,1950,2018
565,Fellahin,1925,1960
566,Tibetan Diaspora in South Asia,1960,2018
567,Gay and Lesbian Vaishnava Association (GALVA-108),2001,2024
568,Early Chinese Buddhism Before An Shigao,50,148
569,Khalka Mongols,1895,1930
570,Supreme Master Ching Hai World Society,1986,2018
571,Abkhaz,1855,1890
572,Trobrianders,1890,1930
574,Konso,1920,1967
575,Kuy traditional religions,1500,2018
576,Kuy traditional religions,1000,2018
577,Ganda,1860,1900
578,Gond,1875,1910
579,Ismaili,632,2020
580,Nāth Sampradāya,1700,2018
581,Mentawai (Rereiket),1970,2018
582,Siamese (Central Thai),1930,1960
583,Local goddesses traditions of southern Karnataka,1000,2018
585,Kelantanese Thai Religion,2001,2018
586,Kelantanese Thai Religion,1900,2017
587,Early Christianity in Scandinavia,950,1150
588,Nyakyusa,1905,1940
589,Warrau,1915,1945
590,Huayan School (Early Tang),670,712
591,Koreans,1925,1950
592,Veerashaivas,1200,2018
593,Shreevaishnavas,500,2018
594,Wolof,1925,1955
595,Western Samoans,1804,1840
596,Deepavali,-7320,2018
597,Confucianism - Eastern Zhou,-600,-200
598,Masai,1875,1915
599,Lepcha,1920,1938
600,Riffians,1900,1930
601,Turks,1940,1965
602,Amhara,1930,1960
604,Bambara,1890,1923
605,Burmese,1940,1965
607,Mohism,-400,-200
608,Kurd,1926,1955
609,Tallensi,1915,1940
610,Somali,1900,1960
611,Javanese,1930,1960
612,Marshallese,1880,1915
613,Maori,1800,1830
614,!Kung,1925,1960
615,Radhasoami,1800,2018
616,Balinese,1933,1960
617,Okayama,1925,1960
618,Nuxalk,1860,1890
619,Gilyak,1865,1900
620,Papago,1900,1935
621,Haitians,1910,1935
622,Miskito,1896,1921
623,Diasporic American Hinduism,1893,2020
624,The Roshaniyya,1550,1640
625,Copper Inuit,1890,1915
626,Barama River Carib,1907,1935
627,Tikopia,1905,1935
628,Manipuri  Vaishnavas,17,20
629,Newar Buddhists,1200,2018
630,Aranda,1886,1913
631,Cayapa,1879,1909
632,Local Religion at Selinous,-650,-409
633,Mādhva,1238,2018
634,Classical Daoism,-350,-100
635,Ifugao,1890,1920
636,Balinese Śaiva priests (pedanda siwa),1500,2018
637,Yahgan,1900,1924
638,Klamath,1855,1900
639,Chinese Esoteric Buddhism (Tang Tantrism),716,900
640,Cathars,1000,1350
641,Waldensians,1100,2000
642,The Arch of Titus,81,81
644,Meo Muslims; Mev Muslim; Mewati Muslim,1100,2018
645,"Meo Muslim, Mev, Mewati Muslim",1100,2020
646,Lakota Religious Traditions,1889,2018
647,Havasupai,1893,1921
648,Haida,1870,1901
649,"Worshippers at the Chidambaram Nataraja Temple, Modern Period",700,2019
650,Manus,1918,1945
651,Kapauku,1930,1955
652,Tiwi,1904,1930
653,The Arch of Constantine,312,315
654,12th-13th c Cistercians,1198,1250
655,Siriono,1917,1943
656,Burusho,1910,1935
657,Trukese,1912,1949
658,Mapuche,1925,1951
659,Delphi,-800,393
660,Iban,1941,1966
661,Congregation of Savigny,1113,1147
662,Goajiro,1922,1947
663,Temples of Mater Matuta and Fortuna at Sant'Omobono,-600,400
664,Mesopotamian Cultic Music,-3000,0
665,Elche Synagogue (Spain),200,700
666,Siuai,1914,1939
667,Ainu,1855,1880
668,Saramacca,1905,1930
669,Orokaiva,1900,1925
670,"Aedes Minerva, Rome",-260,315
671,Mbau Fijians,1820,1840
672,Qasr al-Bint,-30,400
673,Pawnee,1842,1870
674,Aymara,1915,1940
675,Chukchee,1885,1910
676,"The Order of the Holy Trinity for the Redemption of Captives, 1198-1500",1198,1500
677,Yapese,1885,1910
678,"Elche, Spain Synagogue",250,350
679,Santal,1915,1940
680,Gujarati Mata Worshipers,1850,2019
681,Sargonic Empire,-2350,-2150
682,Lakher,1905,1935
683,"The Ppo Romé temple-tower complex (Bimong Kalan Ppo Romé, Tháp Ppo Romé)",1600,2015
684,Huron,1615,1640
685,Badjau,1940,1966
686,Popoluca,1915,1945
687,"Temple of Minerva, Forum Transitorium",85,315
688,Darul Uloom Deoband,1866,2019
689,Lengua,1869,1895
690,Ahl-e-Sunnat wa Jamaat,1880,2019
691,Fur,1870,1895
694,Eyak,1880,1910
695,Akan obayifo,1850,1960
697,Shavante,1928,1960
698,Akan sorcery,1850,1960
699,Amhara Buda,1950,1969
700,Akan obayifo,1850,1960
701,Akan sorcery,1850,1960
702,Amhara buda,1950,1969
703,Andamans ôko-pai·ad,1951,1953
704,Aranda nangarri,1896,1913
705,Aranda sorcerer,1896,1913
706,Aranda black magic by women,1896,1913
707,Aymara laiqa,1940,1942
708,Azande aboro mangu,1926,1929
709,Azande aira kele ngwa,1926,1930
710,Hidatsa,1816,1840
711,Kwoma,1912,1937
712,Huichol,1880,1934
713,Northern Saulteaux,1910,1940
714,Tamil Śaiva Bhakti,550,850
717,Igbo,1910,1940
718,Hinduism in Trinidad,1845,2018
719,Hinduism in Trinidad,1845,2018
720,Micronesian religions,1800,1995
721,Semang,1910,1940
722,Gros Ventre,1835,1885
723,Trumai,1910,1940
724,Aweikoma,1909,1934
725,Aleut,1770,1834
726,Early Śramaṇas,-700,500
727,Raglai,1160,2017
728,Pentecost,1928,1959
729,Kikuyu,1895,1930
730,The sect of the Pharisees,-167,73
731,Cult of Artemis at Ephesus,-600,476
732,Marquesans,1800,1875
733,Kaska,1870,1915
734,Montanism,172,800
735,South Asian Sufi Shrines,1072,2019
736,Jivaro,1895,1929
737,Nama Hottentot,1855,1900
738,Ancient Egyptian,-3000,300
739,Lakalai,1885,1910
741,Śākta Hinduism,-450,2019
742,Thai Bhikkhunis,2003,2020
743,Hausa,1875,1915
744,Rwala Bedouin,1887,1915
745,Buka,1860,1885
746,Assianism,-1000,2020
747,Uttar Pradesh,1920,1950
748,Lamet,1915,1945
749,Korean shamanism,1800,2020
750,Mekeo,1850,1875
751,Buddhism in the Mekong Delta,2000,2020
752,Haroi,1470,2019
753,Micmac,1645,1680
754,Shi'i Muslim Exiles of the 20th Century,1920,1979
755,Uyghur Islam,1850,2020
756,"Punjab/Delhi, India",-750,-250
757,Kiribati,1795,1820
758,Nicobarese,1870,1912
759,Comanche,1855,1880
760,"Punjab/Delhi, India",-250,1200
761,"Punjab/Delhi, India",1200,1600
762,"Punjab/Delhi, India",1600,2020
763,Moriori,1810,1835
764,Timbira (Canela),1900,1936
765,The Oneida Community,1848,1881
766,Garo,1930,1960
767,Local Religion at Syracuse,-734,-212
768,Mundurucu,1850,1900
769,Wogeo,1910,1935
770,Thai Forest Tradition,1920,2020
771,Muscular Christianity,1762,2020
772,The Apollonion at Syracuse,-580,-212
773,Altar of Hieron II,-269,-215
774,Altar of Hieron II,-269,-215
775,Jainism,-600,2020
776,Rock Relief of Kurangun,-1700,700
777,Syria,-538,-515
778,Syria,-538,-60
779,Syria,-514,-60
780,Chogha Zanbil (Al Untash-Napirisha),-1250,-1000
781,Syria,381,500
782,Syria,1206,1368
783,Upper Egypt: Archaic/Early Dynastic Period,-3150,-2686
784,Upper Egypt: Old Kingdom,-2686,-2181
785,Upper Egypt: First Intermediate Period,-2181,-2055
786,Upper Egypt: Middle Kingdom,-2055,-1650
787,Upper Egypt: Second Intermediate Period,-1650,-1550
788,The Late Bronze Age City-State of Ugarit,-1500,-1200
789,Adur Gushnasp (Takht-i Soleyman),375,1000
790,Upper Egypt: New Kingdom,-1550,-1069
791,Upper Egypt: Third Intermediate Period,-1069,-664
792,Upper Egypt: Late Period,-664,-332
793,Upper Egypt: Alexander and the Ptolemies,-332,-30
794,Omaha,1840,1880
795,"Micronesia, Guam, Commonwealth of the Northern Mariana Islands; the Fed. States of Micronesia (Yap, Chuuk, Pohnpei, Kosrae); Palau, Marshals",1700,1945
797,Native-Roman Auxiliary Cavalry Depositional Ritual Participants,-100,500
798,Mazdaism,-2000,2020
799,Upper Egypt: Roman Egypt,-30,390
800,Micronesia,-1700,1945
801,"Wat Preah Vihear Sour: A Popular Pilgrimage Site outside Phnom Penh, Cambodia",1000,2020
802,Chinese Nunnery in Myanmar,1945,2020
803,Italy: The Catholic Church,1530,1760
804,Italy: The Catholic Church,1760,1870
805,Italy: The Catholic Church,1870,1920
806,Italy: The Catholic Church,1929,2017
807,British Isles I: Pre-Roman Britain,-500,-43
808,British Isles II: Pre-Theodosian Roman Britain,-43,380
809,British Isles III: Pre-Theodosian Roman Britain Continued,-43,380
810,British Isles IV: Pre-Theodosian Roman Britain Continued,-43,380
811,British Isles V: Christian Roman Britain,380,500
812,Temple of the Jedi Order,2007,2020
813,Đồng Dương Temple,900,1000
814,British Isles VI: Christian Roman Britain,380,500
815,British Isles VII: Christian Roman Britain,380,500
816,British Paganism.,-500,350
817,Early Medieval British Christianity,350,650
818,"West Bengal, India",-300,600
819,"West Bengal, India",600,1200
820,"West Bengal, India",-1200,-300
821,"West Bengal, India",1200,1800
822,"West Bengal, India",1800,1950
823,"West Bengal, India",1950,2020
824,"Central Macedonia, Greece: Eastern Orthodoxy",1260,1302
825,"Central Macedonia, Greece: Eastern Orthodoxy",1530,1912
826,"The Church of Christ, Scientist",1866,2020
827,"Central Macedonia, Greece: Eastern Orthodoxy",1913,2017
828,Italy: The Franciscan Order,1209,1312
829,Italy: The Jesuit Order,1540,2017
831,Mỹ Sơn Sanctuary,500,1400
832,Temple of Prey Angkor Knung,700,2020
833,Dobu,1870,1895
834,The Plum Village Sangha of Thich Nhat Hanh,1982,2020
835,British Isles: Pre-Roman,-500,43
836,British Isles: Romano-British,43,500
837,Wat Ounalom,1500,2020
838,Phnom Oudong: A Sacred Mountain of Pre-colonial Khmer Royal Cities,1600,2020
839,19th century German Protestantism,1788,1914
841,Sa skya,1073,2020
842,American Evangelicalism,1730,2020
843,Bnay Qyāmā and Bnāt Qyāmā,300,900
844,Sо̄tо̄ Mission of San Francisco—Sо̄kо̄ji,1934,2020
845,Sо̄tо̄ Mission of San Francisco—Sо̄kо̄ji,1934,2020
846,Xuanzang's Yogācāra Tradition,645,696
848,Sadducees,-200,70
849,"""Gaiwiio Religion,"" ""Longhouse Religion,"" or ""The Way of Handsome Lake"" of the Seneca Tribe",1750,1850
850,Pre-Christian Religion / Paganism in Gaul,-600,-51
851,Sikhism in the United States,1899,2020
852,Pre-Christian Religion / Paganism in Ireland,-500,900
853,Pre-Christian Religion / Paganism in Northern Britain (Pictland / Scotland),-500,900
854,pre-Christian Irish,-400,900
855,Middle-Class Migrant Muslims in the UAE,1900,2020
856,Mla Bri,1980,2020
857,Wesleyanism,1738,2020
858,"The New Prophecy or ""Montanism""",165,550
859,Valentinians,135,400
860,Kimpa Vita,1704,2020
861,Mu'tazilah,700,1258
862,Ilm-e-Khshnoom,1907,2020
863,Orphism,-550,450
864,13th-15th c. Order of Preachers (Dominican Order),1214,1500
865,puritans,1550,1734
866,Taigu School,1762,1950
867,Nyingma Treasure,1200,1500
868,Deism in Stuart and Hanoverian England,1630,1750
869,Sichuan Esoteric Buddhist Cult,855,1279
870,Postsocialist Mongolian Buddhism,1990,2020
871,Spiritualism,1848,2020
872,"Seventh Day Adventist Church, United States",1863,2020
873,The Branch Davidians,1962,1993
874,Nation of Islam,1930,2020
875,Peoples Temple,1955,1978
876,"Church of Christ, Scientist",1879,2020
877,The International Network of Engaged Buddhists - INEB,1989,2022
878,Zen Buddhism in South America,1903,2020
879,Free Methodist Church,1860,2020
880,Egyptian Salafism (inluding North Africa and West Asia),1870,2015
881,The Muslim Brotherhood,1928,2013
882,Orphism,-450,425
883,Catholics in the People's Republic of China (PRC),1949,2020
884,Sub Saharan Africa Pentecostalism,1907,2022
885,Contemporary West African Vodun,-1960,2022
886,Pushtimarg (The Path of Grace) in the UK and Gujarat,1990,2020
887,Postsocialist Mongolian Shamanism,1990,2020
888,Céli Dé monks,780,900
889,Followers of Dangun,1909,2020
890,The Indigenous Religion of  the Waja (Northen Nigeria),1800,1900
891,Peruvian Mormons,1956,2020
892,Charismatic Renewal Movement in Christianity - Second Wave Pentecostalism,1960,2020
893,Sethian Gnostic,100,400
894,Universal Fellowship of Metropolitan Community Churches,1968,2020
895,Suungyo,1923,2020
896,Sannō Shintō,800,1571
897,Gaengjeongyudo,1928,2020
898,Rastafari of Jamaica,1930,2020
899,Nahdlatul Ulama (NU),1926,2020
900,Pharisees,-150,70
901,Mevlevi Sufi Order: The Disciples of Mawlana Rumi,1200,1350
902,British Isles: Christian,300,500
903,The Buddhist community on Mount Lu during early medieval China,350,450
904,Euboea/Central Macedonia: Nicaean-Chalcedonian Christianity,397,500
905,Euboea/Central Macedonia: Constantinopolitan Chalcedonian Christianity,1260,1302
906,The Church of England,1963,2020
907,Tsumpa,1236,2020
908,Sino-Christian Theology,1980,2020
910,Christian Base Community movement,1968,1998
911,Italy: Roman Catholic Christianity,1260,1302
912,Ganden Monastery (Dga' ldan),1409,1959
913,The United Society of Believers in Christ's Second Appearing,1830,2020
914,Tariqa Shadhiliyya,1258,2020
915,Protestantism welcoming People with Disabilities,2000,2020
916,Italy: Roman Catholic Christianity II,1530,2017
917,British Isles: Predominantly Celtic Polytheism,-500,-50
918,Fangshi,-475,220
919,Catholicism in contemporary Croatia,1995,2020
920,Buddhist Sites in Ladakh,842,2020
921,Bhils,1700,2020
922,British Isles: Mixed Roman and British Polytheism,-50,400
923,British Isles: Introduction of Early Christianity through the End of Columban/Irish Christianity,200,700
924,Muridiyya of Senegal,1853,2022
925,Rabbinic Judaism (Babylonia),220,650
926,Ladakhi Buddhism,842,2020
927,Zealots,0,74
928,The Ghost Dance Movement and the Lakota Sioux,1860,1910
929,Drikung Kagyu,1143,2020
931,The Society of Jesus (Jesuits) in Britain,1580,2020
932,Congregation of Jesus,1609,2020
933,Marcionites,144,1000
934,Mongolian Buddhism during the Revolutionary Period,1911,1940
935,Nigerian Pentecostalism,1910,2020
936,Branwen Spector,1920,2020
937,Vestal Virgins,-800,394
938,Ugarit,-1600,-1185
939,Goodenough and Fergusson Islanders,1875,1900
940,Julio-Claudian Imperial Cult,-31,68
941,Chan Buddhists in early Qing period,1600,1700
942,African Methodist Episcopal Church,1816,2020
943,Moravian Missionaries in Nunatsiavut,1752,2020
944,Mohyla's Ukrainian Church,1620,1700
945,Vasco-Aquitanian Religion,100,400
946,Nyingma (rnying ma),700,1959
947,Sarna of Jharkand,1980,2019
948,Christianity in Ephesus,120,300
949,The Church of All Worlds,1963,2020
950,The Religious Society of Friends,1652,2020
951,Ethiopian Jews,1980,2020
952,Ethiopian Jews,1980,2020
953,Sachchai,1975,2020
954,The 'Sarna' religion follower in Jharkhand,1945,2018
955,British Isles: Augustinian/Roman Christianity,600,800
956,Iron Age Britain: Mid to Late Pre-Roman Iron Age,-500,-55
957,Spartan Religion,-800,-300
958,Society of Jesus,1540,1773
959,Iron Age Britain: Romano-Celtic Era,-55,286
960,Bön (Bon),1000,2020
961,Romanian Orthodox Church,1885,2020
962,Amdo Gelukpa,1400,2000
963,The Knights Templar,1119,1312
964,Baul Fakirs of Bengal,1800,2020
965,Pachomian Monasticism,323,548
966,"Naqshbandī Order, Naqshbandī Tarīqa, Naqshbandīyyah, Khwājagān,",1318,2020
967,Unitarian Universalism,1825,2020
968,"Anabaptist Mennonites in North America, 1683-2021",1683,2021
969,Adi Dravida/Valluva Sakya Buddhism,1891,1940
970,Cult of Isis (Mysteries of Isis),-323,500
971,Gāṇapatya,500,2020
972,Nestorian Christianity,431,1500
973,The Sarna religion of the Oraons of Jharkhand,1845,2019
974,"Greek Chalcedonian Christians, Nicaea",1204,1261
975,Neo-Charismatic Movement - Third Wave Charismatic Movement,1980,2020
976,Mising Community,1187,2019
977,Chishti Sufis,1200,2020
978,Indonesian Catholicism,1500,2020
979,Early Irish Christianity,600,900
980,Pure Land Buddhist Schools in Early Medieval Japan,1175,1333
981,Nation of Islam,1930,2020
982,The Samaritans (Persian to early Roman periods),-499,100
983,Tibetan and Himalayan Mundane and Landscape Cults,600,2020
984,Calvinism (Early/Reformation),1520,1565
985,The Victorines,1108,1299
986,Theurgy,150,529
987,"Parsis, Zoroastrians of India",1600,2020
988,Churches of Christ- United States,1832,2020
989,Opus Dei,1928,2020
990,Niue,1823,1848
991,Beat Buddhism,1944,1969
993,Pontifex Maximus and Pontifices (Pontifical College),-712,380
994,"Monastic Communities of Lower Egypt: Nitria, Kellia, Scetis",330,470
995,Tamil Neo-Saivism,1841,2020
996,Wicca,1940,2020
997,Ancient Egypt - Early Dynastic Period,-2950,-2670
1001,American Civil Religion,1776,2021
1003,Tannaitic Rabbis,70,200
1004,Religion in Roman Ostia,-200,300
1005,Religion in Elam,-2600,-539
1006,Ancient Egypt - Old Kingdom,-2670,-2168
1008,Ancient Egypt - First Intermediate Period,-2168,-2010
1010,Pythagoreanism,-530,200
1011,Kingdom of Edom,-800,-550
1012,Inhabitants of Medieval Kurgus,550,1500
1013,Estado da Índia Renegades in Deccan,1510,1640
1014,Philosophy and Ritual Practice of Witchcraft as Female-Centric Religion,1960,2021
1015,Ancient Egypt - Predynastic Period - Early Naqada Culture,-4000,-2950
1016,Ancient Egypt - Predynastic Period - Cultures of Lower Egypt,-4000,-3400
1017,Tomb of Panehsy: Archaeobotanical remains and their religious symbolism,-1500,100
1018,Goa,1510,1600
1019,Religious Practice at Giza,-2650,-2100
1024,Universal Salvation Ritual,1200,1920
1025,Dalikal Ppo Klaong Garai,1151,2020
1026,Temple of Confucius (Kong Temple),-200,1900
1027,Filianism,1976,2021
1028,German Pietists (Hasidei Ashkenaz),1100,1250
1029,Zigao 子羔,-325,-278
1030,The Way of Tang and Yu (Tang yu zhi dao 唐虞之道),-325,-278
1031,Eastern Roman Manichaeism,300,600
1034,Rongchengshi 容成氏,-325,-278
1037,Third Intermediate Period in Ancient Egypt,-1100,-650
1038,Sino-Muslims in Qing China,1644,1911
1039,(Archaeology of) Religion in New Kingdom Nubia,-1550,-1070
1040,Tomb of Tutankhamun (KV 62),-1334,-1325
1041,Korean Catholicism,1600,2021
1042,Zichiji 資持記,1078,1085
1043,Islam in Aceh,1500,2020
1044,Han Imperial Cult under Emperor Wu,-141,-87
1045,Avestan Zoroastrianism,-1000,400
1047,Pantheism/Animism,-30000,2021
1048,The Sanctuaries of the Egyptian Gods at Delos,-230,-60
1049,Chalcolithic Southern Levant,-4500,-3600
1050,All Things Flow Into Form (Fanwu liuxing 凡物流形),-300,-278
1051,Religion at Tell el-Dab'a (ancient Avaris) in Ancient Egypt,-1960,-1550
1052,The Dunhuang Platform Sūtra,780,1000
1054,Wenzi 文子,-202,2021
1055,Taijitu shuo 太極圖說,1050,2021
1056,The ancient Egyptian Amduat - tomb of Thutmose III,-1479,-1425
1057,Fuzi 傅子,217,278
1058,Syŏnggyŏng chikhae kwang-ik,1780,1920
1060,The Taizhou Movement,1500,1600
1062,"Shangshu 尚書 (""Higher Writings""; also, ""Documents"")",-500,1911
1063,"Lunyu 論語, The Analects",-500,1911
1065,Ancient Egypt- Tomb of Nefertari,-1250,-1250
1066,Jiutian xuannü,9,1680
1067,"*Xing zi ming chu 性自命出, Natural Dispositions Come from Endowment",-400,-200
1068,"Longmen Grottoes in Luoyang, Henan Province of P. R. China",1,2021
1069,Religion at Deir el-Medina,-1504,-1069
1070,The Sanctuary of the Egyptian Gods in Marathon,150,200
1071,Digital Shinto Communities,2001,2021
1072,Ancient Egypt - The Temple of Mentuhotep II,-2055,-2004
1073,Chuci zhangju,-139,158
1074,Chuci zhangju,-139,140
1075,Dazhidu lun 大智度論,402,406
1076,Inquisitors of Goa's Santo Ofício,1560,1773
1077,The Cherished Instruction (Baoxun 保訓),-325,-278
1078,Hymns to the Aten,-1352,-1336
1079,Tongshu 通書,1050,2021
1080,Cheng weishi lun 成唯識論,659,660
1081,The Abydos Temple of Khentiamentiu,-2750,-2150
1082,Lion Temple (Apedemak Temple) at Musawwarat es-Sufra,-235,300
1083,Drukpa Kagyü School (Bhutan),1625,2021
1087,The Bogomils,969,1400
1089,"The ""Sarapeion"" of Thessalonica",-210,300
1090,Xuanxue,200,500
1091,Shenmie lun,100,600
1092,Lunyu jijie yishu,400,500
1093,New Religious Movement in South Korea,1860,2021
1094,The Temple Complex at Jebel Barkal,-1500,300
1095,Punjabi (West),1947,1958
1096,The Tomb of Meresankh III,-2620,-2570
1098,Shuzi gua excavated material,-1200,300
1100,Fanyin,-200,-100
1101,Natchez,1710,1730
1102,The Royal Cache - Theban Tomb 320,-1069,-945
1104,Tomb of Nefermaat and Itet (Meidum 16),-2613,-2589
1105,The Tomb of Paser TT367,-1427,602
1106,Old Kingdom Religion at Abydos,-2750,-2150
1107,South Korean Megachurches,1860,2021
1108,Early Christianity and Monasticism in Egypt,0,600
1109,Chan Buddhism in the Song,960,1279
1110,Twana,1845,1875
1112,Xifang Helun 西方合論,1599,1599
1113,The Double-Basilica at Thasos (Aliki),350,500
1117,Ancient Egyptian Book of the Earth – Tomb of Ramesses VI,-1145,-1139
1119,Karnak Temple (New Kingdom),-1550,-1086
1120,Liji 禮記,-551,1911
1121,Sahyadri Khanda (Purana),1400,1800
1122,Religion at El-Kurru - Ancient Nubia,-747,656
1123,Ancient Egypt - Tomb of Amenmose TT318,-1500,-1400
1124,The ancient Egyptian Book of Two Ways,-2000,-1840
1125,Ancient Egypt - the Ramesside Period,-1292,-1070
1126,The Tomb of Khnumhotep I at Beni Hassan,-1992,-1956
1127,Anglican Church of Korea,1890,2021
1129,Ancient Thessalians,-700,476
1130,The Sanctuary of the Egyptian Gods in Dion,-200,300
1132,Three Levels Movement,540,1100
1133,Religion in Greco-Roman Egypt,-305,284
1134,Tiantai,538,2022
1135,Tiger Hill,-496,2021
1136,The Fellowship of Goodness 同善社 (Tongshanshe),1910,1951
1138,Sanctuary of Malophoros,-699,-250
1139,f,8,9
1140,Early Medieval Confucianism,220,589
1141,The Master of the Golden Tower (Jinlouzi 金樓子),502,557
1143,Temple of Hatshepsut at Deir el-Bahri,-1473,348
1144,The Yijing 易經 (The Classic of Changes),-1554,2021
1146,The Great Temple at Abu Simbel,-1279,1968
1147,The Catacombs of Kom el-Shuqafa,69,199
1148,The Pyramid of Unas,-2345,-2315
1149,Christianity in Tang China,618,906
1153,Russian Orthodox Mission in Alaska,1784,1867
1154,The Cult of the Fox,1500,1950
1155,The Pyramid Texts: Pyramid of King Unas (Wnjs),-2375,-2345
1156,Solovetski monastery,1429,1939
1157,Ancient Egypt - The Tomb of Meryre II at Amarna (TA 2),-1335,-1332
1158,Early Daoist text—Commands and Admonitions for the Families of the Great Dao (Dadaojia lingjie大道家令戒),200,500
1159,Zuozhuan,-600,-200
1160,Wuzhen pian 悟真篇,1075,1078
1161,The Pharsalos Metroon,-399,-100
1162,Lingbao dafa,400,1400
1163,Western Learning (Xixue),1600,1900
1164,The Sanctuary of the Egyptian Gods at Gortyn,100,300
1165,Ancient Egypt - Bersheh Coffins and the Book of Two Ways,-2165,-1877
1168,Pagodes of Portuguese Goa,1510,1600
1169,Sanctuary of Zeus Thaulios and Ennodia at Pherai (Makalorema),-800,100
1170,Chongyang Lijiao Shiwu Lun 重陽立教十五論,1200,2021
1171,Yijing Divinatio,-206,1911
1172,Twofold Mystery (Chongxuan 重玄),500,700
1173,Heliopolis Project,-3500,2021
1174,Temple at Busayra,-750,-300
1175,Religion in Northern Hejaz,-1500,-300
1176,Shijing 詩經 (Classic/Book of Odes/Songs),-700,1911
1177,Orphic Tablets,-500,391
1178,Modern Mystery School (MMS),1997,2021
1180,Batak Traditional Religions,1600,2020
1181,Numinous Cliff Mountain Temple (Lingyan shan si 靈岩山寺),-494,2021
1182,Huainanzi 淮南子,-140,220
1183,Religion at Nippur in the Ur III period,-2100,-2000
1184,South Sea God Temple (Nanhai shen miao 南海神廟),594,2021
1185,Religion of Roman Palmyra,-44,272
1186,Shrine at Horvat Qitmit,-800,-586
1187,Sanctuary at Tell Damiyah,-850,-700
1188,Marmarini Stele,-199,-150
1189,Yādiya/Sam'al,-920,-713
1190,Ancient state of Urartu,-850,-580
1191,Religion in Greco-Roman Alexandria,-300,200
1192,Kaharingan,1945,2021
1193,The Cave of the Nymphs at Pharsalos,-499,-30
1194,"The Metroon at Chani Kokkonas (Vale of Tempe, Thessaly)",-399,-100
1195,Sichuan Region map,1,2
1196,K’iche’ (Quiché),1910,1940
1197,Atheism in the Soviet Union,1917,1991
1198,Yazılıkaya Hittite Rock Sanctuary,-1500,-1200
1199,Tiv,1905,1934
1201,The Sanctuary of Demeter and Kore at Eleusis,-1480,394
1202,The Metroon at Demetrias,-250,-150
1203,Book(s) of Daniel,-586,100
1206,Shrine at WT-13,-1000,-550
1207,Female alchemy Tradition,1550,2021
1208,Han tombs with murals,-206,220
1209,Han tombs with murals,-206,220
1210,Mende,1920,1950
1211,Religion in Samuha during the Hittite period,-1600,-1200
1212,Hephaisteion,-480,267
1213,Eleusinion,-650,396
1214,Temple at Tel Arad,-750,-705
1215,Metroon (Athens),-409,267
1216,Mawangdui (tombs),-186,-168
1217,Sanctuary at Tell Qasile,-1150,-586
1218,Yiguan Dao/I-Kuan Tao 一貫道,1870,2021
1219,Chunqiu fanlu,-2,7
1220,The Cult of Chinggis Khan (a.k.a. Genghis Khan) in Mongolia,1227,2023
1221,Temple at Tell Deir 'Alla,-1550,-1185
1222,Vedda,1840,1880
1223,Toda,1885,1910
1224,Duren jing,400,500
1225,Lullingstone Roman Villa House Church,360,425
1226,Tainaron,-500,500
1227,Polytheistic Pre-Islamic South Arabia,-800,360
1228,Lesu,1915,1940
1229,Three Self Patriotic Movement (TSPM),1950,2021
1230,Cult at the Athenian Agora,-600,276
1231,"Shenxiao 神霄 (""Divine Empyrean"") Daoism",1100,2021
1232,Book of Nut,-1300,200
1234,Ashanti,1880,1910
1236,Temple of Ksitigarbha,1757,2022
1237,QAnon,2017,2020
1239,Book(s) of Esther,-400,70
1240,Azande,1900,1935
1241,Taiping 太平 Movement,1837,1866
1243,Shengjing zhijie,1636,1900
1244,Declarations of the Perfected (Zhen'gao 真誥),300,600
1245,"Tabernacle, The",-1200,-1000
1246,Shilluk,1895,1925
1247,Exovedate,1885,1885
1248,Religion in the Old Assyrian Period,-1972,-1718
1249,Cult of the Egyptian Gods at Demetrias,-294,14
1250,Hanbalism,850,1350
1251,Tsonga,1880,1910
1252,Shedachenglun 攝大乘論,525,650
1253,Damascus Document,-200,50
1254,Stoudios Monastery,790,1453
1255,Julian Romance,361,599
1256,Ingalik,1870,1900
1257,Ammonite Religion,-1000,-500
1258,Religion in Judah,-1000,-586
1259,"The LuWang School, the School of Lu Xiangshan and Wang Yangming",1200,1900
1260,Qiṣṣat Dhī al-Qarnayn,850,1250
1261,Anyang,-1300,-1046
1262,Dadanites,-600,0
1263,Judean/Yehudite Colony at Elephantine (Persian period),-500,-399
1264,Judeans in Babylonia,-598,-447
1265,Mozi 墨子,-400,200
1266,"The Baoshan Cemetery, Jingmen, Hubei Province",-400,-278
1267,Pagans Under the Reign of Julian,361,363
1268,Monotheistic Pre-Islamic South Arabia,360,570
1269,Ji shenzhou sanbao gantong lu 集神州三寶感通錄,266,664
1270,The Zhuangzi,-551,1911
1271,Command to Fu Yue 傅說之命,-400,-300
1272,"*The Heart is what is at the center, *Xin shi wei Zhong 心是謂中",-400,-300
1273,mosque,1222,1222
1274,Russian orthodox mission in Japan,1861,1945
1275,Central Andes Formative Period Religion,-1800,0
1276,The Old Monastery of Baramus,380,1500
1277,Bronze Age Cretan; Minoan; Prehistoric Aegean,-2000,-1500
1278,Peak Sanctuary of Petsofas,-2000,-1500
1279,Mandarese Muslims,1593,2004
1280,"(Shanghai) Xiaotaoyuan Mosque, Small Peach Garden Mosque (上海)小桃園清真寺",1917,2022
1281,Otoro Nuba,1910,1945
1282,Babylonian Talmud,70,800
1283,Butonese Muslims,1500,2002
1284,Religion of Phoenicia,-1200,-330
1285,The Small Temple at Abu Simbel,-1279,1968
1286,Mencius,-400,-200
1287,Peak Sanctuary of Mt. Juktas,-2000,-1200
1288,Bailadeiras of Goa,1510,1650
1289,Buginese Muslims,1500,2004
1290,4QInstruction,-100,50
1291,Mañjuśrī Devotionalism,-400,2022
1292,Kourion Episcopal Basilica and Urban Precinct,431,700
1293,The Zapotec or Ben 'Zaa (The Cloud People),-2000,2022
1294,The Autobiography of Adad-guppi,-649,-539
1295,Donatism,311,600
1296,Kourion Coastal Basilica,450,655
1297,Chen-Wei Texts,56,907
1298,Masjid Al-Hilal,1603,1980
1299,Russians (of Viriatino Village),1940,1965
1300,"Enlace de Agentes de Pastoral Indígena (EAPI, Network of Indigenous Ministry Agents)",1990,2022
1301,Moche (Mochica),-200,1000
1302,Emar: A Hittite Vassal in Late Bronze Age Syria,-1400,-1200
1303,Emar: A Hittite Vassal in Late Bronze Age Syria,-1400,-1200
1304,Peyote Religion (Peyotism) and the Native American Church,1875,2022
1305,Three Tianzhu Monasteries 三天竺寺,595,2022
1306,Philistine Religion,-1200,-600
1307,Southern Baptists,1845,2022
1308,Jews and Jewish-Sympathizers in South Arabia,275,530
1309,Circumcellions,315,500
1310,"The byzantine cemetery-hermitage of Saint Onufrius (Onoufrios) in Methoni, south-western Messinia, Peloponnese, Greece)",300,1500
1311,Jehovah's Witnesses,1870,2022
1312,Bishnoi,1400,2022
1313,Masjid Tua Palopo,1604,1905
1314,,500,575
1315,Sāṅkhya: Framework,-1500,100
1316,The Amarna Tomb of Ay,-1349,-1332
1317,The Tomb of Mereruka,-2345,-2287
1318,"The byzantine church of Prophet Ilias (Elijah), in Abysoles, Thalames, messinian Mani, Greece",1250,2022
1319,Reginistas,1968,2022
1320,"The church/(mosque) of Transfiguration of Savior, at Niokastro, Pylos, south-western Messinia, Peloponnese, Greece",1570,2022
1321,Mourides (Muridiyya),1853,2022
1322,Pagans under the Emperor Julian,361,363
1323,Luguru,1910,1935
1324,Taiping jing,150,2022
1325,Sanctuary of Nemesis at Rhamnous,-500,399
1326,Meher Kapısı inscription (Urartian text),-820,-580
1327,Tomb of Sunan Gresik,1419,2020
1328,Táin Bó Cúailnge,500,1300
1329,Pre-Pottery Neolithic in the Near East,-9700,-6600
1330,Papyrus Amherst 63,-399,-100
1331,The Sanctuary of Pasikrata at Demetrias,-294,200
1332,Temple of ʿAthtar dhū-Qabḍ,-600,100
1333,Cult of Thecla,150,600
1334,No-debt Movement in US Evangelicalism,1980,2022
1335,Congregation of the Oratory,1575,1700
1336,Labrang Tashi Khyi Monastery,1710,2022
1337,Tell Afis (Syria),-1200,-600
1338,The Sayings of the Desert Fathers,390,500
1339,The Temple of Millions of Years of Thutmose III,-1470,-1213
1340,International Sivananda Yoga Vedanta Centers,1957,2023
1341,Muslim Students Association of the United States and Canada,1960,2022
1342,Pauline Epistles,50,62
1343,Psychro Cave,-1900,1000
1344,Tibetan Nonsectarianism (ris med),1840,1920
1345,A Sogdian Zoroastrian Prayer,400,900
1346,Sanctuary of Athena Pronaia at Delphi,-750,395
1347,"The Praise of the Bees, Exultet Hymn",500,1500
1348,Disability-focused Christianity for Palestinians,2012,2022
1349,The Dingxiang Wang Cult,1124,1991
1350,Mt. Emei 峨眉山,100,2022
1351,KV 14: Tomb of Tausert and Setnakht,-1186,1184
1352,Śākadvīpīya Brāhmaṇas,2,21
1353,Greco-Roman Religions,-3000,395
1355,Mt. Qingcheng 青城山,143,2022
1356,The Lausiac History,419,420
1357,Encratites,100,400
1358,"Deir el-Bala’izah, Monastery of Abba Apollo",650,800
1359,Shrine at En Hazeva,-700,-550
1360,Mishnah,150,250
1361,The Sanctuary of Apollo Pythios at Delphi,-900,395
1362,The Second Temple (Jerusalem),-515,70
1363,Moche,200,900
1364,Chavin,-900,-200
1365,Nasca,-100,800
1366,Ppo Sah Inâ Temple Tower Complex,1100,2017
1367,Targums,70,601
1368,"Quarrying Cult at Simitthus (Chemtou, Tunisia)",-150,299
1369,Astronomers in Babylon,-750,80
1370,Teda,1935,1960
1371,Twelver Shi'ism in post-revolutionary Iran,1979,2022
1372,Roman Christians (from Nicaea to Chalcedon),325,451
1373,Roman Christians (from Nicaea to Chalcedon),325,451
1374,The Reformed Church (Early Orthodoxy),1560,1620
1375,Epic of Gilgamesh,-1900,-130
1376,African Initiated Churches,1900,2022
1377,Sídhe,600,1800
1378,Monastery of Apa Apollo in Bawit,390,900
1381,Temple of Jupiter Optimus Maximus,-550,700
1385,Literary Texts of Enheduana,-1900,-1500
1386,Liumen (Liu School),1807,1950
1387,Spring and Autumn annals of Master Lü,-247,-239
1389,Writ of the Three Sovereigns,200,1200
1390,Eastern Apache,1855,1880
1391,The Sanctuary of Artemis Orthia (Sparta),-800,400
1392,Messalians,360,900
1393,The Ladder of Divine Ascent,579,650
1394,The First Temple in Jerusalem,-900,-586
1395,The First Temple in Jerusalem,-950,-586
1396,Ptolemaic Egypt - Egyptian Religion,-304,-30
1397,The Classic Period Peripheral Coastal Lowlands Ritual Ballgame Cult,400,1000
1398,Leifeng Pagoda (Leifeng ta 雷峰塔),971,2022
1399,Religion in the Mittani Empire,-1550,-1350
1400,The Buddhist Nuns of 4th - 6th century China,300,516
1401,"The ""On the Divine Names"" of Pseudo Denys the Areopagite",485,528
1402,Nahal Mishmar cave,-4350,-3100
1403,En Gedi ritual complex,-4000,-3800
1404,Religion in Nabataea,-300,450
1405,Asketikon,358,364
1406,Barlaam and Ioasaph,750,1700
1407,Classical Chan Buddhism,750,950
1408,Jinsuo Liuzhu yin 金鎖流珠引,750,1400
1409,Formative Olmec,-1500,-400
1410,Hittite Religion,-1465,-700
1411,Illuyanka,-900,-700
1412,Tenrikyo,1838,2022
1413,The Early Christian basilicas of Amathous,300,800
1414,Traditions of Divine Transcendents (Shenxian zhuan 神仙傳),-3000,320
1415,Anomeans,350,398
1416,Mount Athos,960,2022
1417,Taiyi sheng shui 太一生水,-400,-300
1418,Book of Jonah,-800,-200
1419,Ancient Egyptian Religion in the Early 18th Dynasty,-1550,-1425
1420,Creek,1785,1810
1421,Tian wen 天問,-340,140
1422,Defense of Icon Veneration by John of Damascus,726,730
1424,Santian neijie jing 三天內解經,420,430
1425,Religion at Erlitou,-1800,-1500
1426,Early Missionary Christianity in China,1580,1740
1427,The Chaldaean Oracles,100,199
1428,Votive Deposits,1007,1220
1429,Enheduana's Exaltation of Inana,-2300,1700
1430,Erlitou (Ritual/Ceremonial/Palatial Districts),-1800,1500
1431,Elements of Theology,412,485
1432,Preparation for the Gospel-Demonstration of the Gospel,312,324
1433,Novatians,250,258
1434,Kuna,1912,1937
1435,Cathedral of Hagia Sophia,360,1453
1436,The Monastic School of Gaza,320,536
1437,Temple of Ḫaldi (Ayanis),-680,-650
1438,"The church of Transfiguration of Savior, at Nomitsi, southern Messinia (Outer Mani), Peloponnese, Greece",1200,2022
1439,Celestial Masters,140,600
1440,Basilica of Saint Demetrios,300,1917
1441,Mexica (Aztec) Religion,1325,1521
1442,On the Body and Blood of the Lord (De corpore et sanguine Domini) - Paschasius Radbertus,830,835
1443,On the Body and Blood of the Lord (De corpore et sanguine Domini) - Lanfranc of Canterbury,1062,1063
1444,Amarna South Tombs Cemetery,-1352,-1336
1445,Amarna Great Aten Temple,-1352,-1336
1446,Religion in the Amarna Worker's Village,-1352,-1336
1447,Private chapels at the Amarna Workmen's Village,-1352,-1327
1448,Hagia Sophia (Thessaloniki),650,1913
1449,Aztec-Mexica Temple R of Tlatelolco,1337,1521
1450,Tehuelche,1855,1880
1451,Religion in the Early Bronze Age / Canaan,-3600,-2400
1452,Soushen ji 搜神記,100,350
1453,Monastery of saint Neophytos the Recluse,1159,1503
1454,Hesychastic Controversy,1337,1351
1455,Basseri,1943,1958
1456,Religion in the Middle Bronze Age / Canaan,-2000,-1550
1457,Sappho I: Hymn to Aphrodite,-600,-575
1458,Mbuti,1935,1960
1459,Famen Monastery 法門寺,67,960
1460,"Acheiropoietos basilica, Thessaloniki",450,1430
1461,Saami,1935,1960
1462,Kazakh,1870,1895
1463,"Church of Panagia (Our Lady) Angeloktisti, Kition",400,1500
1464,Fulani,1936,1961
1465,Temple of Ninurta at Nimrud (ancient Kalhu),-865,-612
1466,Islamic modernists,1800,1980
1467,Vietnamese,1915,1940
1468,Eastern Christianity From Nicaea to Chalcedon,325,451
1469,Huamachuco Religion,300,1532
1470,Lozi,1885,1910
1471,Book of Ezekiel,-593,-100
1472,Petra Great Temple,-100,200
1473,Ishtar's Descent to the Underworld,-1000,-600
1474,Amahuaca,1945,1970
1475,Zaytuna Mosque (جامع الزيتونة),732,2022
1476,Kutenai,1875,1900
1477,Ovimbundu,1875,1900
1478,Yurok,1835,1860
1479,Saraswat Brahmins of Goa,1510,1600
1480,Tuareg,1885,1910
1481,Yokuts,1835,1860
1482,Tupinamba,1535,1560
1483,Khazneh (Petra),-100,200
1484,Mesopotamian Exorcistic Texts,-2500,50
1485,Malays,1933,1968
1486,Xunzi 荀子,-310,-215
1487,Innu,1895,1920
1488,Botocudo,1869,1894
1489,Laojun Shan (Mountain of Lord Lao),142,2022
1490,Yanoama,1950,1975
1491,Northern Paiute,1855,1880
1492,Nambicuara,1925,1950
1493,Bemba,1882,1907
1494,Temple at Tell Afis,-1100,-600
1495,Secular Buddhists,1997,2022
1496,Albanians,1855,1920
1497,Island Carib,1635,1660
1498,"Sunan Ampel Great Mosque, Surabaya",1421,2021
1499,Great Temple of Tenayuca,800,1521
1500,Alorese,1923,1948
1501,Tanala,1910,1935
1502,Zitouna,770,2022
1503,Fon,1875,1890
1504,"Tomb of Sunan Giri, Gresik (East Java)",1506,2020
1505,Sample Religious Group Entry,500,1500
1506,امرأتنا في الشريعة والمجتمع/Notre femme dans la charia et la société,1930,2022
1507,Chimu Religion,1000,1470
1508,Zaytuna Magazine/ المجلة الزيتونية,1936,1955
1509,The Temple Scroll,-450,-125
1510,"Tomb of Sunan Drajat, Lamongan (East Java)",1522,2021
1511,Sokoto,1804,1903
1512,Tijaniyyah الطريقة التيجانية,1782,2022
1513,Imrā’atu-nā fī l-šarīʻa wa-l-muŷtamaʻ / امرأتنا في الشريعة والمجتمع,1927,1930
1514,"Tomb of Sunan Bonang, Tuban, East Java/Bonang Village Lasem Subdistrict, Central Java (disputed)",1525,2022
1515,Dura Europos Mithraeum,168,256
1516,"""Syrian"" Priestesses (Emar, Mari, Ugarit)",-1800,-1200
1517,Tunisian Women's Associations,1936,1962
1518,"The Tomb of Sunan Kalijaga: Kadilangu Village, Demak Regency (Central Java)",1513,2022
1519,"The Mausoleum of Sunan Muria, Colo (Central Java)",1551,2022
1520,Kitāb al-Khilāf fῑ al-Aḥkām by Al-Shaykh al-Ṭūsī,995,1066
1521,Order of the Hermits of St Augustine (Augustinian friars),1256,1400
1522,Tijaniyya Tariqa الطريقة التجانية,1781,2022
1523,Tafsīr al-taḥrīr wa al-tanwīr,1936,2022
1524,The Church of the Holy Sepulchre,335,2022
1525,Changsha Zidanku Chu bo shu 長沙子彈庫楚帛書 1 (Chu Silk Manuscript),-400,-300
1526,Pashupati-Kshetra (The Area of Pashupati),533,2022
1527,"Masjid Al-Aqsha Menara Kudus, Kudus (Central Java)",1549,2022
1528,Najran,500,575
1529,Byzantine Iconoclasts (726-787 CE),720,743
1532,"The Mausoleum of Sunan Gunung Jati, Cirebon (West Java)",1570,2022
1533,Maqam of Sidi Ibrahim Arriyahi مقام سيدي إبراهيم الرياحي,1878,2022
1534,Shorter Sukhāvatīvyūha Sūtra,100,2022
1535,الجمعية الخيرية الإسلامية بمدينة سوق الأربعاء,1921,1956
1536,Spiritual Exercises,1548,2022
1537,Maqam Sidi Sahbi,1400,2022
1538,Maqam Sidi Mahrez ibn Khalaf مقام سيدي محرز بن خلف,1400,2022
1539,Maqāṣid al-šarī῾a al-islāmiyya,1947,2022
1540,The Sanskrit Yasna,1100,1400
1541,islam et sectes islamiques au Maghreb,2022,2023
1542,Umbanda,1913,2022
1543,St. George's Cathedral,1700,2000
1544,Ukrainian Greek Catholic Church,1596,2022
1545,Synagogue at Gamla,-20,67
1546,4QPseudo Ezekiel,-150,-25
1547,Buddhist monastic gazetteer in Hangzhou,1368,1612
1548,Wulin Fanzhi 武林梵志,1368,1612
1549,Slaying of Husayn Texts,1150,1250
1550,Tzintzuntzan,1350,1522
1551,Donation Texts from Ur during the Isin-Larsa Period,-1970,-1850
1552,The Key of Ilme Kṣnum to Understand the Zoroastrian Religion,1911,2022
1553,"Pirámide de las Serpientes Emplumadas, Xochicalco",650,1100
1554,"Mustafa Sabri, Mawqif al-ʿAql",1942,1950
1555,Al-Ahbash الأحباش,1970,2022
1556,Sundexioi (Mithras-worshippers),75,450
1557,Mihr-Narseh’s inscription at Fīrūzābād (MNFd),400,480
1558,Acts of Paul and Thecla,150,200
1559,Al-manhaj al-farîd fî ma'rifat 'ilm al-tawhîd.,1650,1850
1560,‘Ara’is al-Majalis fi Qasas al-Anbiya' عَرَائِسُ الْمَجَالِسِ فِي قَصَصِ الْأَنْبِيَاءِ,1036,2022
1561,Zaouia Sayyida Mannoubia زاوية السّيّدة المنّوبيّة,1267,2022
1562,The Great Temple of Tenochtitlan,1325,1521
1563,Wumen Guan 無門關,1228,2022
1564,Heng xian 恆先,-400,-300
1565,الأوقاف التونسية في فترة الحماية,1882,1956
1567,Boko Haram,1990,2022
1568,Tell Sabi Abyad Cemetery,-6400,-5700
1569,Ādur-Farrbay,200,1000
1570,Tamil Muslims,20,21
1571,Kalighat Temple,19,21
1572,Asklepieion of Kos,-366,400
1573,Al-Risala (The Message) الرسالة,767,820
1574,Household religion at Ur,-2000,-1800
1575,L’esprit libéral du Coran,1905,1956
1576,Book of Amos,-760,-100
1577,Pilgrimage sites associated with the Noyon Khutagt Danzanravjaa,2015,2015
1578,People's Salvation Cathedral (Catedrala Mântuirii Neamului),1881,2025
1579,Kālikā Purāṇa,10,12
1580,Santals,1947,2020
1581,Book of Jeremiah,-620,200
1582,Cult of Bona Dea,-300,500
1583,The Black Church Food Security Network,2015,2022
1584,Tafattuq al-aḥkām,1890,1956
1585,Jingde chuandeng lu 景德傳燈錄,1004,1004
1586,Christ Apostolic Church,1941,2022
1587,The Early Christian Basilicas of Ancient Aksūm (modern Ethiopia and Eritrea),300,800
1588,In the Shade of the Qur'an في ظلال القرآن,1951,2023
1589,Peshitta,2,21
1590,Pyramid of Cestius,-18,2022
1591,Alchi temple complex,950,1500
1592,Septuagint,-3,1
1593,White Christian Nationalists,1776,2022
1594,al-Jami' al-A'dham Jami' az-Zaytouna al-Ma'mour الجامع الأعظم جامع الزيتونة المعمور,698,2022
1595,The Five Yi Yin Texts,-335,-275
1596,Aseneth,-200,1800
1597,El Tajín,800,1200
1598,Early Chinese ritual bronze inscriptions,-1200,-400
1600,Serabit el-Khadem: An Egyptian and Semitic Mining Community,-1900,-1200
1601,Göbekli Tepe,-9500,-8000
1602,A Record of Buddhist Monasteries in Luoyang,493,547
1603,The Orthodox Monasteries of Meteora,1000,2022
1604,Tombs at Ketef Hinnom,-800,-200
1605,Seven Readings of the Qur'an (Kitab al-Sab'ah fi al-Qira'at) by Ibn Mujahid,900,936
1606,Kitab Sara'ir wa Asrar an-Nutaqa' كتاب سرائر وأسرار النّطقاء,990,2022
1607,Zaydism and the state in Yemen,897,1700
1608,Risalat al-Tawhid,1902,2022
1609,جامع عقبة بن نافع La Mosquée de 'oqba ibn Nafi',670,2022
1610,La Mosquée de Yousif Sahib at-Tabi' جامع يوسف صاحب الطابع,1808,2022
1611,Maqam Sidi bil Hasan ash-Shadhili,1815,2023
1612,Zaouia Sidi Abi Sa'id al-Baji زاوية أبي سعيد الباجي,1156,2022
1613,The Pagoda-Shaped Diamond Sutra Shroud,1599,1599
1614,Tabaqat as-Sufiyya de as-Sulami طبقات الصوفيّة للسّلمي,1021,2022
1615,Teuchitlan Tradition,-300,400
1616,maqame sidi belhasan chedli,1815,2022
1617,maqame sidi Ahmed Tliliزاوية سيدي أحمد التليلي,1733,2023
1618,Diya'u al-Ta'aweel fee Ma'ani al-Tanzeel (The Bright interpretation of the meanings of the Qur'an),1766,1828
1619,"Saint Nicholas ""Maroulenas"", Kastania, southern Greece, byzantine church",1200,2023
1620,Temple of Ištar (Emašmaš) at Nineveh,-1800,-612
1621,"Saint Spyridon,Kardamyli, southern Greece, postbyzantine church",1700,2023
1622,Hujjat Allah al-Baligha,1703,1762
1623,Sunnism,1703,1762
1624,Neo-Assyrian Healers (āšipu/mašmaššu-exorcists),-900,-612
1625,Zhu Xi's Four Books 朱熹四書,1177,1912
1626,The Cult of Maritime Hera,-800,-400
1627,Mount Putuo 普陀山,1978,2023
1628,Bad' al-Khalq wa Qasas al-Anbiya' of Kisa'i كتاب بدء الخلق وقصص الأنبياء للكسائي,1100,2023
1629,مقام أبو لبابة الأنصاري maqam Abou Loubaba Al-Ansari,661,2023
1630,جامع القرويين Mosquée Al-Qarawiyyin,859,2022
1631,Le livre de 'Ihya' 'ulum ad-Din de Ghazali كتاب إحياء علوم الدين للغزالي,1111,2023
1632,Temple-Church of Aphrodisias,450,1199
1633,الكعبة : المسجد الحرام al-Ka'ba   : al-Masjed al-Haram,-2000,2023
1634,Family and Household Religion in Ancient Israel and Judah,-1000,-586
1635,The 'Parastaseis Syntomoi Chronikai',700,900
1636,The second phase of the Iconoclastic Controversy,814,823
1637,Maronites,350,700
1638,Maronites,350,700
1639,Hujjat Allāh al-Bāligha,1703,1762
1640,Great Temple of Hattusa,-1600,-1180
1641,Monasticism in the Ṭūr' Abdīn,400,2023
1642,جامع المسندالصحيح المختصر من أمور رسول الله وسننه وأيامه= Al-Jami' al-Musnad al-Sahih al-Mukthasar Min Umur Rasul Allah...,870,2023
1643,Kongzhai Shrine of the Robe and Cap of Confucius in Shanghai,1600,1949
1644,صحيح مسلم Sahih Muslim,875,2023
1645,A Sogdian Zoroastrian Epitaph,494,579
1646,Early Christianity in Asia Minor,4,5
1647,Gregory of Nyssa’s oration 40,372,395
1648,Hosios Loukas,953,1204
1649,St Bartholomew's Priory,1123,2023
1650,"كتاب"" المقدّمة ""لابن  خلدون livre  Mou qaddîma d'Abd Al Rahman Ibn Khaldoun",1332,1406
1651,Roman religion in the Danubian provinces,1,285
1652,Le Livre de al-'Ibana 'an 'Usul al-Diyana de al-Ash'ari كتاب الإبانة عن أصول الديانة للأشعري,874,936
1653,Visigothic Homoian Christianity,341,589
1654,Le Parti du Mouvement de La Nahda حزب حركة النهضة,1981,2023
1655,Obaku Zen,1651,2023
1656,Temple of the Rock/Temple HH1 (Tell Mardikh/ancient Ebla),-2400,-2300
1657,The Institutes of John Cassian,420,430
1658,The Thesmophorion of Pella,-400,100
1659,The Conferences of John Cassian,420,430
1660,Mainline-Pentecostal Christianity,2014,2025
1661,Ludlul Bel Nemeqi,-1300,-300
1662,The miracles of Eric IV Ploughpenny,1258,1309
1663,Religion in the Neo-Assyrian Empire,-911,-609
1664,The Didache,50,110
1665,English Bible Translators,1525,1611
1666,Edict of Faith,1478,1834
1667,Medérsiens,1850,1951
1668,Daphni (Μονή Δαφνίου),1080,1458
1669,The Inner Training (Neiye 內業),-400,9
1670,Baptists,1611,2023
1671,Enūma Eliš,-1900,-539
1672,Babylonian Creation Myth,-1100,500
1673,Isin Sanctuary of the Healing Goddess Gula,-1400,-1000
1674,New Hampshire Declaration of Faith,1833,2023
1675,On the Divine Liturgy,700,730
1676,Saint Catherine's Monastery,565,2023
1677,Royal Hittite Religion,-1650,-1180
1678,Translation of the holy Margrethe,1176,1201
1679,Asopides,-850,200
1680,Cult of Trophonius,-800,200
1681,The Red Monastery,300,700
1682,"The Church of St. Paraskevi, Kitiros, Crete",1372,2023
1683,Book of Leviticus,-800,-400
1684,The Lives of the Philosophers and Sophists,347,414
1685,De Dea Syria,150,250
1686,L'islam et les origines de la gouvernance Ali Abdel Razek الإسلام وأصول الحكم علي عبد الرازق,1924,2023
1687,Poll Diff Test,100,200
1688,Arianism,325,671
1689,The Isma'ilis in the Ottoman Empire,1516,1919
1690,Christianity in Byzantium: between the end of Iconoclasm and the Schism,843,1054
1691,Homoian Christianity amongst Ostrogoths,493,553
1692,The holy Niels of Århus (younger text),1325,1345
1693,Maqam Abou Ali al-Nafti مقام أبو علي النفطي,1101,2023
1694,Christianity in Byzantium: Between the Schism and the Fourth Crusade,1054,1204
1695,"Xiaojing ""Classic of Filial Piety""",-230,1911
1696,Sanctuary of Zeus at Nemea,-600,550
1697,Stylite Monks,450,1450
1698,Biographies of Eminent Monks,67,519
1699,Greek Healing Deities,-700,-200
1700,The Book of Hosea,-800,-500
1701,The Premonstratensian Order in the Middle Ages,1120,2023
1702,Sounion Sanctuaries,-800,200
1703,Arsenites,1265,1310
1704,Temple of Athena Alea,-800,200
1705,The Historia Compostellana,1088,1148
1706,Virú State Religion,-200,700
1707,Zaouia Sidi Bou Makhlouf  زاوية سيدي بومخلوف,-1827,2023
1708,الإباضية  Al-Ibadia,708,2023
1709,Almohads (al-Muwaḥḥidūn),1115,1269
1710,زاوية سيدي عبيد بمنطقة بوسالم و دورها في تعمير المجال من 1861 إلى 2006.,1861,2006
1711,International Dai Bosatsu Zendo Kongo-ji,1976,2023
1713,The Sanctuary of Demeter at Dion,-500,300
1714,Syncretic Polytheism in Curious Pastimes LARP,2019,2022
1717,Temple R,-570,-300
1719,Zaouia Sidi Ali al-Hattab زاوية سيدي علي الحطّاب   بتونس,1271,2023
1720,Samten Hills Dalat,2023,2023
1721,Tell Fekheriyeh Inscription,-890,750
1722,Øm monastery,1254,1255
1723,The holy Niels of Århus (older text),1254,1255
1724,"Church of St. George, Embaros",1436,2023
1725,The holy Anders of Slagelse,1205,1536
1727,Hijra in Zaydi Yemen,897,1700
1728,Prueba,100,600
1729,Chùa Lâm Huê,1942,2023
1730,Cult of Atargatis in Dura Europos,1,256
1731,Mappila Muslims of Kerala,661,2023
1732,Sanctuary of Artemis at Brauron,-2000,-200
1733,Công viên Hỏa táng Tháp Long Thọ (Long Thọ Cremation Park),2014,2023
1734,Cupisnique Culture Religion,-1600,-400
1735,كتاب الملل والنحل لعبد الكريم ابو الفتح الشهرستاني,1127,2023
1736,Ihya'u Sunnah wa Ikhmadul Bid'ah,1754,1817
1737,الإمامية Al-Imamia,661,2023
1738,Taipei National Revolutionary Martyrs' Shrine,1946,2023
1739,The 2012 Phenomenon,1975,2012
1740,The Canterbury School of Theodore of Tarsus and Hadrian the North African,669,690
1741,Methodism in Zimbabwe or Methodist Church in Zimbabwe,1891,2023
1742,Yellow Flower Hill (Huanghuagang) 72 Martyrs' Cemetery,1911,2023
1743,Eight Treasures Mountain (Babaoshan) Revolutionary Cemetery,1950,2024
1745,Heart Sutra,400,2023
1746,"Church of St. Constantine and Helena, Avdou",1445,2023
1747,Al-'Ataba Al-Housainia العتــــبـــة الحُسيْـنّـيـة,680,2023
1748,Pyramid of Cestius,-18,2023
1749,Pyramid of Cestius,-18,2023
1750,The London-Leiden Magical Papyrus,180,225
1751,The holy Kjeld of Viborg (older text),1188,1536
1752,Urban Chinese Funerals,2010,2011
1753,"Church of St. George, Sklavopoula",1290,2023
1754,Đại Bảo Tháp Mandala Tây Thiên (Great Mandala Stupa),2011,2023
1755,xxx,2015,2018
1756,The town of Lund,1103,1536
1758,Jiuge 九歌,-340,140
1759,الطريقة الشاذلية = Attarika Achadoulia,1195,2023
1760,Sanctuary of Hera in the Argolid,-800,400
1761,Paganism in the 4th Century Nicomedia,300,400
1762,Quan Âm Tu Viện,1960,2023
1763,Uḍḍīśatantra,1400,2009
1767,Bhairavapadmāvatīkalpa,900,1100
1770,Bhūtaḍāmaratantra (Buddhist),700,900
1771,إنفاق الميسور في تاريخ بلاد التكرار,1781,1837
1772,Bahà'ì,1844,2023
1773,"Church of St. George and St. Nicholas, Anydri",1323,2023
1774,إباضية جزيرة جربة,-1557,1864
1775,Luật Mật Viện Thắng Nghiêm,1010,2023
1776,الطريقة القادرية في البلاد التونسية,1881,1939
1777,الطريقة التّيجانية بالبلاد التونسية,-1881,1939
1778,Le Conflit d'Adam et Eve contre Satan ou The first and the Second hidden book of Adam and Eve صراع آدم وحوّاء ضدّ الشيطان,300,990
1779,المذهب المالكي بالبلاد التونسية,-1956,2023
1780,الطريقة الشاذلية في تونس,1881,1939
1781,المذهب الشيعي في تونس,1969,2023
1782,"Church of the Panagia, Prodromi",1347,2023
1783,The holy Kjeld of Viborg (younger text),1346,1524
1784,The Cannibal Nun,1100,1200
1785,Carmen de Incendio,1197,1197
1786,Temple 2048 of Tell el-Mutesellum/Megiddo,-1650,-1200
1787,Ekphrasis of the Church of the Holy Apostles,1190,1200
1788,First Temple (Jerusalem),-960,-587
1789,The Church of the Theotokos of the Pharos,760,1204
1790,Prueba Dos,200,250
1791,"الطريقة القادرية في بغداد: فترة التأسيس ق12 Attarika Al Qadiria à Bagdad: la période fondatrice, le XIIe siècle",1100,1200
1792,The Monastery of Mangana,1050,1460
1793,Monothelitism,456,681
1794,A Mathematician,1206,1207
1795,‘Adhwā‘ Al-Bayān fi ‘Idhāḥ Al-Qur‘ān bi Al-Qur‘ān: أضواء البيان في إيضاح القرآن بالقرآن,1965,2023
1796,Annals of Quedlinburg,1008,1030
1797,Roman cult of Sol,-800,395
1798,XXX,1960,2021
1799,Teotihuacán,-400,650
1801,Red Temple/Temple D2 (Tell Mardikh/ancient Ebla),-2400,-2300
1802,Ishtar’s Temple/Temple D on the Acropolis (Tell Mardikh/ancient Ebla),-2000,-1600
1803,مفتاح التفسير,1766,1828
1804,Sera Jey Monastery,2018,2023
1805,Wahhabisme الوهّابيّة,1744,1819
1806,Sango Religious group in Oyo,1800,1900
1807,Maqam Sidi Ali Azzouz مقام سيدي علي عزّوز,1680,2023
1808,'yan Taru (Women Cadre of the Nana Asma'u),1793,1864
1809,(The Character Traits of the Chosen One) كتاب أخلاق المصطفى,1766,1828
1810,Shang Oracle Bone Inscriptions,-1200,-1046
1811,كتاب قصيدة المرثية (Kitab Qasidat al-Marsiyyah).,1793,1864
1812,The Prison Chronicle,1297,1302
1813,"Lalibella, Rock-Hewn Churches",12,2023
1814,"Vapostori, Johanne Masowe, African Initiated Church (AIC), Women, gender",1973,2023
1816,The Zhen'gao,365,2023
1817,The holy spring of St. Regisse,1400,1885
1818,(Urjuzat al-Wildan) أرجوزة الولدان,1403,1445
1820,"Cherubim and Seraphim Church Unification, Campus Fellowship",1980,2019
1821,Pre-Pottery Neolithic Gre Fılla,-9300,-7500
1822,Amarna Central City,-1350,1330
1823,Deir el-Medina,-1550,1100
1824,Deir el-Medina,-1550,1100
1825,Deir el-Medina,-1550,1100
1826,Deir el-Medina,-1550,1100
1829,Cherubim and Seraphim Unification Church of Nigeria (C&SUCN),1986,2019
1835,"The Cherubim and Seraphim Church of Zion, Ugbonla",1948,2023
1836,Lykousada Monastery,1200,1300
1837,Church of Porta Panagia,1283,2023
1839,Second Temple (Jerusalem),-516,70
1844,"Monastery of Saint John the Theologian, Patmos",1088,2023
1845,Benedictine Order in Denmark,1018,1536
1846,Yogasūtra of Patañjali,-100,300
1847,Arthaśāstra,-300,200
1848,"Jagannath Temple of Puri, Odisha (Orissa), India",1200,2018
1850,"TT8, tomb and chapel of Kha and Merit",-1425,-1353
1851,"TT8, tomb and chapel of Kha and Merit",-1425,-1353
1852,The Communion Letters by Whitley and Anne Strieber,1987,1997
1855,Atra-Hasīs,-1700,-600
1858,Christianity in Alexandria: From Origen to Athanasius,185,373
1859,Technitai of Dionysus,-279,300
1860,Technitai of Dionysus,-279,300
1861,Technitai of Dionysus,-279,300
1862,Technitai of Dionysus,-279,300
1863,Technitai of Dionysus,-279,300
1864,Technitai of Dionysus,-279,300
1865,Technitai of Dionysus,-279,300
1866,Technitai of Dionysus,-279,300
1867,Kuumbi Cave,1900,2023
1868,Yuan Dao bian,1178,1179
1869,IFA RELIGIOUS GROUP IN ILE- IFE,1930,2015
1871,Inana's descent to the nether world,-1900,-1600
1872,"The Holy Apostles Community, Ayetoro",1947,2023
1873,زاوية سيدي المازري  - Zaouia Sidi Al-Maziri,1176,2023
1874,"Church of St. John, Trachiniakos",1329,2023
1875,"Jalal al-Din al-Suyuti, Perfect Guide to Qur'anic Studies (al-Itqan fi 'Ulum al-Qur'an)",1440,1505
1876,"Jalal al-Din al-Suyuti, Perfect Guide to Qur'anic Studies (al-Itqan fi 'Ulum al-Qur'an)",1440,1505
1877,"Jalal al-Din al-Suyuti, Perfect Guide to Qur'anic Studies (al-Itqan fi 'Ulum al-Qur'an)",1440,1505
1878,"Jalal al-Din al-Suyuti, Perfect Guide to Qur'anic Studies (al-Itqan fi 'Ulum al-Qur'an)",1440,1505
1879,"Jalal al-Din al-Suyuti, Perfect Guide to Qur'anic Studies (al-Itqan fi 'Ulum al-Qur'an)",1440,1505
1880,The Tophet of Carthage,-800,-146
1881,Circle of Concerned African Women Theologians,1989,2023
1882,The Life of Severus,512,518
1883,"""Ammonius, On the Creation of the World"" by Zacharias Scholasticus",490,520
1884,"Nea Moni, Chios",1042,2023
1888,Communion By Whitley Strieber,1987,1987
1889,Passport to the Cosmos by John Mack,1999,1999
1896,Passport to Magonia by Jacques Vallee,1969,1969
1897,"The Episcopal Church of Cherubim and Seraphim, Zion Pepe",1951,2023
1898,Shurpu Incantation Series,-1300,-610
1900,Humba Makombe Lineage,1896,2023
1901,Humba Makombe Lineage,1896,2023
1902,Dodona,-1200,392
1903,The 'Abbāsids,750,1258
1904,الطريقة القادرية في تونس القرن  19 و20   =  L'ordre Qadiri en Tunisie aux XIXe et XXe siècles,1800,2000
1905,(A brief introduction to the Islamic jurisprudence on the Maliki school of law)مختصر الأخضري في مذهب الإمام مالك,1514,1575
1906,"(Acceptable means of praising the Prophet, may God bless him and grant him peace)الوسائل المتقبلة في مدح النبي صلى الله عليه و سلم",1872,1895
1907,A treatise on the rulings of the people of Dhimma (رسالة في أحكام اهل الذمة),1425,1595
1908,"Buddhist Traders in the Chinese Quarter in Hakata, Japan",1100,1300
1909,Early Yahwism; The Original Nature of Yahweh,-1300,-1000
1910,Early Yahwism; Original Nature of Yahweh,-1300,-1000
1911,Early Yahwism; The Original Nature of Yahweh,-1300,-1000
1912,Early Yahwism; The Original Nature of Yahweh,-1300,-1000
1913,Early Yahwism; The Original Nature of Yahweh,-1300,-1000
1914,Early Yahwism; The Original Nature of Yahweh,-1300,-1000
1915,Early Yahwism; The Original Nature of Yahweh,-1300,-1000
1916,Early Yahwism; The Original Nature of Yahweh,-1300,-1000
1917,UFO Watchtower,2000,2022
1918,Contemporary Neo-Confucianism 當代新儒家,1950,2023
1919,Acropolis of Monte Polizzo,-800,-500
1921,Zhouxun 周訓,-340,-240
1924,The Deuteronomistic History,-700,-300
1928,(The gathering of the Messenger of God does not falter)وجمع رسول الله لا يتشعث,1793,1864
1938,Bahai religion,1850,2023
1939,"Panagia Parigoritissa, Arta",1290,2023
1940,"The Holy Apostles Community, Ori-Oke Iwamimo",1950,2023
1941,Tang Junyi 唐君毅,1930,2023
1942,Gre Virike: Early Bronze Age Cultic Installations,-3000,-2000
1943,Cult of Gauchito Gil,1990,2020
1944,Cakawi [sic] Cam 1969,1968,1970
1945,Theyyam Worshippers,-500,2023
1946,Palenque's Temple of the Inscriptions,650,800
1947,Temple of the Storm-God in Aleppo,-2500,-500
1948,The Serapeum of Alexandria,-246,391
1949,The Serapeum of Alexandria,-246,391
1950,Monastery of Saint Mena,-246,391
1951,Brotherhood of the Cross and Star,1956,2023
1952,Daodejing 道德經,-300,2023
1956,Gregory VIII's ‘Audita tremendi’,1187,1188
1957,Wadi Sarga Monastery,500,800
1958,The Apostolic Faith Mission in Zimbabwe,1915,2018
1959,Papyrus London 121 (PGM VII),250,350
1960,The laura in Kom el-Ahmar/ Deir al Qarabin,375,700
1961,"Grace Covenant Centre, Ado-Ekiti",1990,2023
1962,Huayan School 華嚴宗,670,845
1963,"The Church of St. Anne, Anisaraki, Selino, Crete",1457,2023
1964,The Homeric Hymn to Demeter,-600,-550
1965,"Church of St. Pelagia, Ano Viannos, Heraklion, Crete",1360,2023
1966,Cherubim & Seraphim Movement Church (Worldwide) Ayo Ni O,1972,2023
1967,The Hermitage of Sheikh Abd el-Qurna,480,750
1968,"Church of St. Mamas, Palaiochora, Selino, Crete",1355,2023
1969,"Christ Apostolic Church, Ori-Oke Aanun [sic] (Mountain of Mercy), Ojoo, Ibadan, Oyo State",1900,2023
1970,The Monastery of Saint Phoibammon in the Rock/ Phoibammon I,350,600
1971,The Homeric Hymn to Demeter,-600,-550
1972,Shepherding Movement,1970,2000
1973,The Homeric Hymn to Apollo,-655,-522
1974,"Chapel of Grace, Ile-Ife",1989,2023
1975,Monastery of Panagia (Virgin) Soumela,375,2023
1976,Who is not assisted by the religious scholar(The Jurist) (Man La Yahdhuruhu al-Faqih) من لا يحضره الفقيه,916,991
1977,Overseas Shinto Shrines,1868,2023
1978,"The Dharmalakshana Buddhist Institute 佛教法相學會, Hong Kong",1965,2023
1979,The Homeric Hymn to Hermes,-550,-500
1980,Cultic Practice at Khirbet Qeiyafa,-1020,-980
1981,(Guiding the traveler to the most honorable path in the jurisprudence of Imam Malik.)إرشاد السالك إلى أشرف المسالك في فقه الإمام مالك,1246,1332
1982,Guodian Laozi 郭店老子,-350,-300
1983,Early Byzantine Asceticism,400,600
1984,Monastery of Panagia (Virgin) Chozoviotissa,850,2023
1985,Christianity in Antioch. From the Apostolic Era to the Islamic conquest,34,638
1987,Grand Papyrus Magique (PGM IV),4,4
1988,Göttertypentext,-1500,-1000
1989,Iron Age Celtic Spain and Portugal (Celtiberia),-600,300
1990,The Ayuwang Monastery 阿育王寺,400,2023
1991,(Laws of Sharia rulings and issues of the branches of jurisprudence.) قوانين الأحكام الشرعية ومسائل الفروع الفقهية,1804,1903
1992,Kitab tesviyetü't-teveccüh ila'l hak: The Guide for One's Turning toward Truth,1556,1557
1993,Ancient Boeotians,-600,400
1994,Nigeria Fellowship of Evangelical Students (NIFES),1968,2023
1995,The Norwegian Seamen's Church in Cardiff,1866,1959
1996,Delphic Hymns 1 and 2,-138,-128
1997,Hundred and eighty precepts of Lord Lao,300,500
1998,The Chinese Christian Scroll Pelliot chinois 3847,635,1000
1999,Veli Pasha Mosque in Rethymno,1646,1924
2000,"The Community Church of Apostles Nigeria and Oversea (COCANO), Ajegunle",1933,2023
2001,The Book of Deuteronomy,-700,-500
2002,Mawangdui Laozi 馬王堆老子,-221,-194
2003,Nigerian Baptist Convention,1914,2023
2004,Recep Pasha Mosque in Rhodes,1588,2023
2006,New Life for All Nations Ministries,1972,2023
2007,Iron Age Cultic Place at Lachish,-950,-701
2008,(The beginning of the diligent and the end of the frugal) بداية المجتهد ونهاية المقتصد,1804,1903
2009,Ancient Arcadians,-800,300
2010,Bektashi Tarika,1240,2023
2011,Scripture Union Nigeria,1885,2023
2012,The Five Theological Orations of Gregory of Nazianzus (The Theologian),379,381
2013,Kara Musa Pasha Mosque in Rethymno,1683,1923
2014,Gazi Deli Huseyn Pasha Mosque in Rethymno,1550,1924
2015,الدولة الأغلبية 184-296 هجري,800,909
2016,الدولة الفاطمية 909 - 1171م,-909,1171
2017,Convent of Panagia Eleousa (Lykousada Monastery),1280,1620
2018,Panagia Akatamachetos (Porta Panagia),1283,2023
2019,"Shaanxi Great Mosque, Urumqi",1735,2023
2020,Panagia Vellas (Red Church),1293,2023
2021,The United Missionary Church of Africa,1905,2023
2022,Murad Reis Mosque in Rhodes,1557,2018
2023,الدولة الزيرية 971 - 1152,971,1152
2024,Emirzade Mosque in Chalcis,1470,2023
2025,"The Satisfaction of Souls and Words of the Wise concerning the scholars and righteous ones buried in Fez, by Muhammad ibn Ja'far al-Kattani",1000,1898
2026,Heshang Gong 河上公 commentary on the Daodejing 道德经,200,2023
2027,Hizb-ut-Tahrir,1953,2023
2028,Bulugh Al- Maram min Adillat Al- Ahkam,1372,1449
2029,كتاب تهافت الفلاسفة للغزالي,1058,1111
2030,Monastery of Our Lady of Saydnaya,547,2023
2031,الدولة الأغلبية  184-296 هجري,800,909
2032,(The light of the rulers regarding what is best for them and on them) ضياء الحكام فيما لهم وعليهم من الأحكم,1767,1828
2033,Valide Sultan Mosque in Rethymno,1650,1923
2034,"The ""Mithras-Liturgy""",300,399
2035,The Crucified God (Jürgen Moltmann),1972,2023
2036,Sultan Ibrahim Mosque in Rethymno,1646,1923
2037,"Saint Achillios Basilica, Larissa",550,2023
2038,"Cathars, Catharism, Albigenses, Albigensians, Cathari, Catharistae, ""Pure Christians""",1000,1300
2039,Psalm 109,-1000,50
2040,(Condolences to the Al-Azhar community) المقدمة العزية للجماعة الأزهرية,1752,1894
2041,PGM XXXVI (Greek ritual manual),300,399
2042,The Eighth Book Of Moses,-300,399
2043,"Saint Achillios Basilica, Prespes",900,2023
2044,P.Mich.inv. 593 (Coptic ritual manual),300,699
2045,PGM I (Greek ritual manual),251,499
2046,L'Interprétation du Coran Intitulé Tafsir al-Manar تفسير المنار,1905,1935
2047,The Norwegian Seamen's Church in Swansea,1907,1998
2048,الدولة الرستمية,-777,909
2049,The Norwegian Seamen's Church on South Georiga,1912,1932
2050,The Norwegian Church on South Georgia,1913,1932
2051,Tibeto-Vietnamese Đạo Mẫu,2022,2024
2052,Christ Way Ministries International,1992,2023
2053,(Alert the unwary)تنبيه الغافلين,1804,1903
2054,Christ Apostolic Church,1918,2023
2055,An Akkadian Tamitu-Query,-1800,-600
2056,Great Mosque at Kilwa,950,1800
2057,Paskuwatti’s Ritual to Cure Sexual Dysfunction,-1400,-1200
2058,Djinguereber Mosque,1327,2023
2059,(The Garden of Knowers)بستان العارفين,1804,1903
2060,Oke Isegun (Mountain of Victory),1931,2023
2061,OYA RELIGIOUS GROUP IN OYO,1800,1900
2063,The Mosque Cluster at Gedi,1000,1650
2064,Sha'rawi interpretation of the Coran تفسير محمّد متولّي الشعراوي,1911,1998
2065,Oke Isegun (Mountain of Victory),1931,2023
2066,MATN AL-UMDATUL AHKAAM,1146,1203
2067,Pool of Siloam,-80,70
2068,Mwanagori Cave,0,2023
2069,L'ordre Soufi Qasimite Hadfite الطريقة الصوفية القاسميّة الهادفية,1969,2022
2070,Overcomers Evangelical Mission International (Ori-Oke Asegun),2003,2018
2071,"Songs of the Sage (4Q510, 4Q511)",-30,30
2072,Unguja Ukuu Amulet Seal,700,900
2073,L'Interprétation du Coran Intitulé Tafsir  Al-Jami' li Ahkam Al Coran par Al-Qurtubi,-600,671
2074,"Revolutionary Mahdism and Resistance to Colonial Rule in the Sokoto Caliphate, 1905-1906",1905,1906
2075,L'Interprétation du Coran Intituléتفسير الجامع لأحكام ا Tafsir  Al-Jami' li Ahkam Al Coran par Al-Qurtubi تفسير الجامع لأحكام القرآن للقرطبي,600,671
2076,Kizimkazi Dimbani Mosque Inscription,1107,2023
2077,ضياء السياسات والفتاوى والنوازل مما هو في فروع الدين من المسائل,1812,1828
2078,"L'Interprétation du Coran ""Clés de l'Invisible"" تفسير ""مفاتيح الغيب""",1149,1208
2079,(Jewels of meanings and fulfillment of wishes)جواهر المعاني و بلوغ الأماني,1804,1903
2080,Daily Communal Petitions (Tefillah/Amidah),50,1000
2081,Ben Sira 36:1–22,-200,100
2082,(The spears of the Merciful Party on the Throat of the Servants of the Merciful.) رماح حزب الرحيم على نحور حزب الرحيم,1804,1903
2083,(The spirit of Morality)روح الأدب,1900,1975
2084,MAITATSINE: NIGERIA'S BLOODY RELIGIOUS TERRORIST MOVEMENT,1980,1985
2085,الحصن الرصين في علم التصريف,1766,1828
2086,Mathnawi ma'nawi,1462,2023
2087,"Al-Tabari’s interpretation of the Qur’an تفسير الطبري""جامع البيان في تأويل آي القرآن """,224,310
2088,مصباح الراوي في علم الحديث,1766,1828
2089,L'ordre Soufit karkariya en Tunisie الطريقة الكركرية في تونس,1974,2023
2090,أسهل المدارك شرح إرشاد السالك في فقه إمام الأئمة مالك,1892,1976
2091,"Kizimkazi Dimbani Mosque, Zanzibar",1107,2023
2092,Interpretation of Imam Ibn Arafaتفسير الامام ابن عرفة الورغمّي,716,803
2093,Papyrus PGM XII / pdm xii (Bilingual Greek-Demotic Ritual Manual),300,350
2094,Feathered Serpent's cult,100,1521
2095,Kaole Mosques,1200,1500
2096,Taluksangay Mosque,1885,2023
2097,منظو مة مصباح الراوي في علم الحديث-عبد الله بن فودي,1766,1829
2098,Mengzi,-323,-314
2099,Nation Protecting Shrines,1939,2023
2100,الدولة الزيانية,1235,1554
2101,"Le livre Fasl al-Maqal d'Ibn Rushd concernant le lien entre la sagesse et la charia""فصل المقال فيما بين الحكمة والشريعة من اتّصال",1126,1198
2102,"The Stele of Ieou (PGM V, 96-172)",300,399
2103,"(Revising the strong statement, an explanation of the chapter on hadith) تنقيح القول الحثيث شرح لباب الحديث",1804,1903
2104,الطريقة التجانية في تونس ق18-ق19 ATARIKA TJENIA FI TOUNES  XVIII-XIXème siècle,1700,1900
2105,Corinna's Asopides Poem,-520,-400
2106,Great Mosque of Xi'an,742,2024
2107,Mausoleum of Khoja Ahmed Yasawi,1389,2024
2108,Hazrat Khizr Mosque,1854,2024
2110,Thiền viện Trúc Lâm Bình Phước,2017,2024
2111,Tsinburbura Traditional Religion,700,1463
2112,Mengzi,-323,-314
2113,Sun Yat-sen Mausoleum,1926,2024
2114,Tijaniyyah Sufi Movement in North-Western Nigeria,1837,1990
2115,Spanish Inquisitors,1478,1834
2116,Qadiriyyah Movement in the Sokoto Caliphate.,1804,1923
2117,Tây Tạng Tự,1937,2024
2118,Samaritan Hymn by Amram Dare,200,1800
2119,Early populations of the Yucatan Peninsula,-13000,-8000
2120,تفسير رد الأذهان إلى معاني القرآن للشيخ أبوبكر غومي,1924,1992
2121,Believers in the Sanctity of Canute III Magnussøn,1157,1200
2122,Jama'at Izalat al-Bid'ah wa Iqamat al-Sunnah (JIBWIS),1978,2008
2123,The Cacaxtla Gran Basamento,650,950
2124,إراءة عرائس شموس فلك الحقائق العرفانية بأصابع حق ماهية التربية بالطريقة التجانية,1934,2024
2125,الإسلام في نيجيريا والشيخ عثمان بن فوديو الفلاتي-أدم عبد الله الالوري,1917,1992
2126,Nasrul-lahi-li Fathi Society of Nigeria (NASFAT),1984,2023
2127,Church of the Holy Apostles,330,1462
2128,Paulicians,650,1700
2129,Saint Thecla (acts of Paul and Thecla) and baptism,1,2
2130,The Danish Dominican Chronicle,1220,1261
2131,Chimú Empire Religion,900,1470
2132,"Mutima Church, Sweetheart of Makumbi Church,",1950,2016
2133,ANSAR-UD-DEEN SOCIETY OF NIGERIA,1923,2000
2134,"The Paredros of Pnouthis, the Sacred Scribe (PGM I, 42-195)",250,425
2135,Zawti Buddhism,1684,2024
2136,Panagia tou Araka,1100,1200
2137,Great Temple Of Santa Cecilia,150,1521
2138,الجماعة الأحمدية الإسلامية في نيجيريا,1916,2024
2139,Shi'a Group in Nigeria,1980,2020
2140,"St. John Chrysostom, Homilies On the Incomprehensible Nature of God",347,407
2141,(Ahl al-Sunnah Group for Preaching and Jihad)جماعة أهل السنة للدعوة والجهاد,2002,2022
2142,Noravank (Նորավանք),1105,2024
2143,City of God,410,426
2144,Surb Astvatsatsin of Areni (Սուրբ Աստուածածին եկեղեցի),1321,2024
2145,Chùa Đức Tạng,2018,2024
2146,Maruyamakyō,1870,2024
2147,الدولة الحفصية 1229-1574,-1229,1574
2148,الدولة الحسينية 1705م -1957م,1705,1957
2149,Judaism in Byzantium,330,1453
2150,Amboni Caves,-40000,2024
2151,Oshirabe,1887,1894
2152,Wang Bi's 王弼 commentary to the Daodejing 道德經: the Laozi Daodejing zhu 老子道德經注,200,2023
2153,Guishen zhi ming 鬼神之明,-400,-300
2154,Chichen Itza,650,1150
2155,Lingbao Canon: Perfect Script in Five Tablets 五篇真文 and Jade Instruction Written in Red 赤書玉訣,500,1000
2156,Oxkintok y el período del clásico medio en el norte de la Península de Yucatán.,-500,1000
2157,Blue Light Evangelicals in the Late Eighteenth-Century Royal Navy,1775,1815
2158,The Mausoleum of Galla Placidia,425,450
2159,Shan Lik Loung Literary Tradition,1500,2024
2160,Manichaeans,250,843
2161,Church of Hagios Vasileios tes Gephyras (of the bridge),1250,2024
2162,The Basilica of San Vitale,525,547
2163,The Basilica of Sant'Apollinare in Classe,532,549
2164,Basilica of San Vitale,527,2024
2165,Manichaeans,216,1400
2166,Judaism in Byzantium,395,1453
2167,Church of the Holy Saviour in Chora,300,2024
2168,"Dzibilchaltún, arquitectura, poder y cambio religioso en el norte de Yucatán",-600,1100
2169,Church of the Holy Savior in Chora,330,2024
2170,Liber Pontificalis,450,1500
2171,Mausoleum of Galla Placidia (or the Chapel of Galla Placidia),425,2024
2172,The Basilica of Sant' Apollinare Nuovo,504,561
2173,"Irenaeus of Lyons, ""Against Heresies""",130,202
2174,Church of St. Demetrios Katsouris,800,2024
2175,Hagia Sophia of Trebizond,504,2024
2176,Against Heresies,170,200
2177,The Covenant Ceremony in the Community Rule (1QS),-100,0
2178,Aladura Christianity in Nigeria,1918,2023
2179,Church of Scientology,1954,2024
2180,Cao Đài,1921,2024
2181,Communal Petitions for Days of the Week: Prayer for Friday (4Q504),-150,70
2182,Tatev (Տաթևի),800,2024
2183,"Gregory of Nyssa ""On the Soul and the Resurrection""",335,394
2184,Zvartnots (Զուարթնոց),643,2024
2187,1 Samuel 2:1-10,-900,-500
2188,Oshirabe,1887,1894
2189,"Epiphanius of Salamis (Cyprus), ""Panarion""",374,377
2190,Ezra 9,-400,350
2191,Two Aramaic Mortuary Stelae from Nerab,-700,-700
2192,Uxmal. La gran urbe y centro político religioso del Puuc,-600,1100
2193,Mayapán. La última gran urbe maya.,300,1450
2194,The Redeemed Christian Church of God,1952,2023
2195,Church of the Holy Apostles,1310,2024
2196,Balaam Inscription from Tell Deir ‘Allā,-850,-750
2197,Bab edh-Dhra,-3300,-2000
2198,Katumuwa Stele from Sam'al,-900,-700
2199,"Prayer for Vengeance against Mariam, Kallinikos, and Others",401,500
2200,The Roman Catholic Mission in Nigeria,1480,2024
2201,Panagia tou Bryoni,1238,2024
2202,Faik Pasha Cami,1449,1460
2203,Huang-Lao Daoism,-476,220
2204,Alahan,400,2024
2205,Al Oda,726,2024
2206,Cennet ve Cehennem,400,2024
2207,Synagogue at Magdala,1,80
2208,The Book of Judith,-160,80
2209,The Church of Nigeria Anglican Communion,1842,2024
2210,Living Faith Church Worldwide,1981,2024
2211,Mahras Dağı,400,2024
2212,Dağ Pazarı,400,2024
2213,Geghard Monastery,1100,2024
2214,Tiwanaku Religion,600,1000
2215,"The ""De Principiis"" by Origen",185,253
2216,Monastery of Mega Spilaion,362,2024
2217,Horasani-zade dervish lodge (tekke) in Heraklion,1650,1924
2218,Church of Saint Nicholas Orphanos,1310,2024
2219,Heart Sūtra,350,2024
2220,Ansar-ud-deen Society of Nigeria,1923,2023
2221,A Votive Inscription to Hathor/Baʿalat,-1850,-1500
2222,Kohunlich. Un enlaze político - religioso entre el Petén y el norte de la Península de Yucatán,-200,900
2223,Cusco,1400,1533
2224,Graffiti and Inscriptions from Roman Palestine,160,500
2225,"Culdees, Céli Dé, Céili Dé, Céle Dé,  ""Clients of God"", ""Servants of God"", ""Spouses of God"", ""Companions of God"", Kelidei, Kaledei; Céile Dé",700,1100
2226,Leimonos Monastery,1526,2024
2227,Church of God Mission,1972,2024
2228,Church of God Mission,1972,2024
2229,Church of Saint Demetrios,1260,2024
2230,Boca de Potrerillos,-7880,1750
2231,جواهر المعاني وبلوغ الأماني,1798,2024
2232,"Lollards, Lollard, the Lollard movement, Lollardism,  Lollardy, Wycliffites",1350,1500
2233,The Way of Former Heaven (Xiantiandao 先天道),1734,2024
2234,Monastery of Saint Mena,300,650
2235,Cholula (Tollan Cholollan Tlachihualtépetl),-900,1519
2236,الرّسالة المفصّلة لأحوال المتعلّمين وأحكام المعلّمين والمتعلّمين لأبي الحسن  علي القابسي,-935,1012
2237,"Order of Preachers, Dominicans, Friars Preachers, Black Friars, Jacobins",1217,2024
2238,XX ــــــــ    ـق  XVIII   الطريقة التجانية في الجزائر :ق,1700,2000
2239,Chaco Culture,800,1200
2240,"Inka and non-Inka ethnic groups in Cusco, Peru",900,1532
2241,The Cult of Cybele and Attis,-750,400
2242,Kato Panagia,1250,2024
2243,Hui People,700,2024
2244,"Catholicism in the Latin Empire, Catholicism in the Eastern Roman Empire (Byzantium), the Latin Patriarchate of Constantinople",1204,1261
2245,صقلية الإسلامية,-652,1240
2246,المذهب الحنفي بالبلاد التونسية,-819,1957
2247,الفتح العربي الإسلامي لشمال إفريقيا,647,712
2248,الدولة المرادية في تونس,1631,1702
2249,Basilica of Saint Epiphanios,370,2024
2250,"The Monastery of Vatopaidi, Mount Athos",950,2024
2251,Modern Chinese Buddhist Seminaries,1900,1950
2252,Monastery of Saint Herakleidios,400,2024
2253,الزاوية التجانية بالتماسين,1803,2024
2254,The Megali Panagia (Dormition of the Virgin),1250,2024
2255,Dongxiang,1340,2024
2256,الطريقة الرحمانية في الجزائر  ق18-ق20,1700,2000
2257,Acropolis of Polizzello,-750,-480
2258,"Livre  des Règle  de conduite des maîtres كتاب "" آداب المعلّمين  "" محمد ابن سحنون""R",-202,256
2259,The Monastery of Pantokratoros (Mount Athos),1363,2024
2260,Church of Hagios Athanasios tou Mouzaki (of Mouzaki),1383,2024
2261,Tiwanaku,180,1010
2262,Le Commencement et la Fin البداية والنهاية de Ibn Kathir لابن كثير,1301,1373
2263,"lettre au disciple Ayyuha-l-walad par Al Ghazâlî رسالة ""ايّها الولد لأبي حامد الغزالي",1058,1111
2264,The Puritans,1560,1720
2265,القرآن الكريم Le Noble Coran,610,2024
2266,Yangsheng Daoism from Laozi to Ge Hong,-571,343
2267,Tingambato,0,900
2268,St. Nicholas of Melissourgoi,1778,1967
2269,The Norwegian Seamen's Church in Leith,1865,1974
2271,The Gideons International in Ngeria,1964,2024
2272,Abou Hamid Al-Ghazali:   Le livre d'Al-Jam Al-Awam sur la science de la théologie الجام العوام عن علم الكلام,450,505
2273,Yuan divination schools,1291,1368
2274,Ìjọ Àdìmúlà (An Institutionalised Indigenous Religious Movement in Yorubaland,1920,2023
2275,Luofu Shan,-200,2024
2276,Western Zhou (1045 BCE - 771 BCE),-1045,-771
2277,Western Zhou Bronze Inscriptions (Xi Zhou jinwen 西周金文),-1046,-771
2278,الطريقة القادرية البودشيشية في المغرب الأقصى,1700,2024
2279,The Ndau people of Chimanimani area in Zimbabwe,1890,2024
2280,Enki and Ninmaḫ,-1900,-1600
2281,Suleymaniye Mosque in Rhodes,1522,2005
2282,Heart Sutra 波若波羅蜜多心經,649,2024
2283,Ge Hong 葛洪 and Outer Alchemy 外丹,283,364
2284,Tarascan Religion,1300,1522
2285,Enki and Ninḫursaĝa,-1900,-1600
2286,Religious Practices of the Valdivians during Ecuador's Early Formative Period,-3500,-1300
2287,Cara,950,1532
2288,A subterranean ceremonial complex in the  southeast of the Pyramid of the Sun,0,1150
2289,Glastonbury Goddess Temple,2000,2024
2290,الطريقة القادرية في مصر ق13م-ق21م,1200,2024
2291,Rangjung Yeshe Institute,2001,2024
2292,الأديان والمعتقدات قبل الاسلامية بالجزائر القديمة,0,670
2293,Church of Saint John of the Collachium/Sencovan Mosque in Rhodes,1310,1863
2294,Baopuzi neipian 抱朴子內篇,220,330
2295,Nergal and Ereškigal,-1600,-500
2296,Taiyi jiangxing tu 太一將行圖,-221,-194
2297,The Waldensians,1173,2024
2298,The Baal Cycle,-1400,-1350
2299,الحشاشين  ق11-ق13   =   Assassins   XI-XIII,1100,1300
2300,جمعية العلماء المسلمين الجزائريين,1931,2024
2301,Kaloutsiani Mosque,1600,2024
2302,Casma-Sechín Culture Religion,-3400,-1800
2303,"Church of St. George, Smari (Pediada), Crete",1320,2024
2304,"Church of St. George, Lyttos (Pediada), Crete",1321,2024
2305,"The Church of Christ, Agia Irini (Selino), Crete",1357,2024
2306,"Church of St. Demetrios, Platanes (Selino), Crete",1372,2024
2307,"Church of the Panagia and Christ the Savior, Roustika (Rethymnon), Crete",1390,2024
2308,الفتح العربي الإسلامي للأندلس,711,726
2309,الدولة الأموية بالأندلس,756,1031
2310,الدولة العامرية بالأندلس,978,1086
2311,مملكة غرناطة,1237,1492
2312,The philosophical system of 'Ubuntu' in Southern Africa,-1800,2024
2313,Dungan people,600,2024
2314,"Church of the Panagia, Kapetaniana (Monofatsi), Crete",1401,2024
2315,"The Church of St. Isidore, Kakodiki (Selino), Crete",1420,2024
2316,"The Church of St. George, Kalamiou (Selino), Crete",1441,2024
2317,"Church of St. George, Kato Floria (Selino), Crete",1497,2024
2318,"Church of St. George, Agia Irini (Selino), Crete",1460,2024
2319,River Gods in Ancient Greece,-900,300
2320,Nguyen Ngoc Tho,500,800
2321,Falungong 法輪功 (Falun Gong) / Falun Dafa 法輪大法,1992,2024
2322,الدّولة الأمويّة في المشرق  بين 661م و750م,661,750
2323,Machu Picchu,1420,1532
