entry_id,entry_name,answer_value,world_region_simple
2308,الفتح العربي الإسلامي للأندلس,1,Europe
2290,الطريقة القادرية في مصر ق13م-ق21م,1,Africa
2278,الطريقة القادرية البودشيشية في المغرب الأقصى,1,Africa
2274,Ìjọ Àdìmúlà (An Institutionalised Indigenous Religious Movement in Yorubaland,1,Africa
2273,Yuan divination schools,1,Asia
2266,Yangsheng Daoism from Laozi to Ge Hong,0,Asia
2264,The Puritans,1,Europe
2256,الطريقة الرحمانية في الجزائر  ق18-ق20,1,Africa
2255,Dongxiang,1,Europe
2248,الدولة المرادية في تونس,1,Africa
2247,الفتح العربي الإسلامي لشمال إفريقيا,1,Africa
2246,المذهب الحنفي بالبلاد التونسية,1,Africa
2245,صقلية الإسلامية,1,Europe
2244,"Catholicism in the Latin Empire, Catholicism in the Eastern Roman Empire (Byzantium), the Latin Patriarchate of Constantinople",1,Europe
2243,Hui People,1,Europe
2238,XX ــــــــ    ـق  XVIII   الطريقة التجانية في الجزائر :ق,1,Africa
2233,The Way of Former Heaven (Xiantiandao 先天道),1,Asia
2232,"Lollards, Lollard, the Lollard movement, Lollardism,  Lollardy, Wycliffites",1,Europe
2228,Church of God Mission,1,Africa
2225,"Culdees, Céli Dé, Céili Dé, Céle Dé,  ""Clients of God"", ""Servants of God"", ""Spouses of God"", ""Companions of God"", Kelidei, Kaledei; Céile Dé",1,Europe
2210,Living Faith Church Worldwide,1,Africa
2203,Huang-Lao Daoism,1,Asia
2200,The Roman Catholic Mission in Nigeria,1,Africa
2194,The Redeemed Christian Church of God,1,Africa
2180,Cao Đài,1,Americas
2168,"Dzibilchaltún, arquitectura, poder y cambio religioso en el norte de Yucatán",1,Americas
2166,Judaism in Byzantium,1,Europe
2160,Manichaeans,1,Asia
2157,Blue Light Evangelicals in the Late Eighteenth-Century Royal Navy,1,Americas
2149,Judaism in Byzantium,1,Europe
2148,الدولة الحسينية 1705م -1957م,1,Africa
2147,الدولة الحفصية 1229-1574,1,Africa
2141,(Ahl al-Sunnah Group for Preaching and Jihad)جماعة أهل السنة للدعوة والجهاد,1,Africa
2139,Shi'a Group in Nigeria,1,Africa
2138,الجماعة الأحمدية الإسلامية في نيجيريا,1,Africa
2133,ANSAR-UD-DEEN SOCIETY OF NIGERIA,1,Africa
2131,Chimú Empire Religion,1,Americas
2128,Paulicians,1,Europe
2126,Nasrul-lahi-li Fathi Society of Nigeria (NASFAT),1,Africa
2122,Jama'at Izalat al-Bid'ah wa Iqamat al-Sunnah (JIBWIS),1,Africa
2116,Qadiriyyah Movement in the Sokoto Caliphate.,1,Africa
2114,Tijaniyyah Sufi Movement in North-Western Nigeria,1,Africa
2111,Tsinburbura Traditional Religion,1,Africa
2104,الطريقة التجانية في تونس ق18-ق19 ATARIKA TJENIA FI TOUNES  XVIII-XIXème siècle,1,Africa
2100,الدولة الزيانية,1,Africa
2094,Feathered Serpent's cult,1,Americas
2089,L'ordre Soufit karkariya en Tunisie الطريقة الكركرية في تونس,1,Africa
2084,MAITATSINE: NIGERIA'S BLOODY RELIGIOUS TERRORIST MOVEMENT,0,Africa
2074,"Revolutionary Mahdism and Resistance to Colonial Rule in the Sokoto Caliphate, 1905-1906",1,Africa
2070,Overcomers Evangelical Mission International (Ori-Oke Asegun),1,Africa
2069,L'ordre Soufi Qasimite Hadfite الطريقة الصوفية القاسميّة الهادفية,1,Africa
2061,OYA RELIGIOUS GROUP IN OYO,1,Africa
2054,Christ Apostolic Church,1,Africa
2052,Christ Way Ministries International,1,Africa
2048,الدولة الرستمية,1,Africa
2038,"Cathars, Catharism, Albigenses, Albigensians, Cathari, Catharistae, ""Pure Christians""",1,Europe
2031,الدولة الأغلبية  184-296 هجري,1,Africa
2027,Hizb-ut-Tahrir,1,Europe
2023,الدولة الزيرية 971 - 1152,1,Africa
2021,The United Missionary Church of Africa,1,Africa
2010,Bektashi Tarika,1,Europe
2009,Ancient Arcadians,1,Europe
2006,New Life for All Nations Ministries,1,Africa
2003,Nigerian Baptist Convention,1,Africa
2000,"The Community Church of Apostles Nigeria and Oversea (COCANO), Ajegunle",1,Africa
1994,Nigeria Fellowship of Evangelical Students (NIFES),1,Africa
1993,Ancient Boeotians,1,Europe
1989,Iron Age Celtic Spain and Portugal (Celtiberia),1,Europe
1985,Christianity in Antioch. From the Apostolic Era to the Islamic conquest,1,Asia
1983,Early Byzantine Asceticism,0,Asia
1978,"The Dharmalakshana Buddhist Institute 佛教法相學會, Hong Kong",1,Asia
1974,"Chapel of Grace, Ile-Ife",1,Africa
1972,Shepherding Movement,1,Americas
1966,Cherubim & Seraphim Movement Church (Worldwide) Ayo Ni O,1,Africa
1962,Huayan School 華嚴宗,1,Asia
1961,"Grace Covenant Centre, Ado-Ekiti",1,Africa
1958,The Apostolic Faith Mission in Zimbabwe,1,Africa
1945,Theyyam Worshippers,1,Asia
1943,Cult of Gauchito Gil,1,Americas
1940,"The Holy Apostles Community, Ori-Oke Iwamimo",1,Africa
1938,Bahai religion,1,Asia
1928,(The gathering of the Messenger of God does not falter)وجمع رسول الله لا يتشعث,1,Africa
1918,Contemporary Neo-Confucianism 當代新儒家,1,Asia
1908,"Buddhist Traders in the Chinese Quarter in Hakata, Japan",1,Asia
1904,الطريقة القادرية في تونس القرن  19 و20   =  L'ordre Qadiri en Tunisie aux XIXe et XXe siècles,1,Africa
1903,The 'Abbāsids,1,Asia
1897,"The Episcopal Church of Cherubim and Seraphim, Zion Pepe",1,Africa
1872,"The Holy Apostles Community, Ayetoro",1,Africa
1869,IFA RELIGIOUS GROUP IN ILE- IFE,1,Africa
1858,Christianity in Alexandria: From Origen to Athanasius,1,Africa
1845,Benedictine Order in Denmark,1,Europe
1835,"The Cherubim and Seraphim Church of Zion, Ugbonla",1,Africa
1829,Cherubim and Seraphim Unification Church of Nigeria (C&SUCN),1,Africa
1820,"Cherubim and Seraphim Church Unification, Campus Fellowship",1,Africa
1808,'yan Taru (Women Cadre of the Nana Asma'u),1,Africa
1806,Sango Religious group in Oyo,1,Africa
1793,Monothelitism,1,Europe
1791,"الطريقة القادرية في بغداد: فترة التأسيس ق12 Attarika Al Qadiria à Bagdad: la période fondatrice, le XIIe siècle",1,Asia
1781,المذهب الشيعي في تونس,1,Africa
1779,المذهب المالكي بالبلاد التونسية,1,Africa
1777,الطريقة التّيجانية بالبلاد التونسية,1,Africa
1776,الطريقة القادرية في البلاد التونسية,1,Africa
1774,إباضية جزيرة جربة,1,Africa
1759,الطريقة الشاذلية = Attarika Achadoulia,1,Africa
1741,Methodism in Zimbabwe or Methodist Church in Zimbabwe,1,Africa
1740,The Canterbury School of Theodore of Tarsus and Hadrian the North African,1,Europe
1737,الإمامية Al-Imamia,1,Asia
1734,Cupisnique Culture Religion,1,Americas
1714,Syncretic Polytheism in Curious Pastimes LARP,1,Europe
1709,Almohads (al-Muwaḥḥidūn),1,Africa
1708,الإباضية  Al-Ibadia,1,Asia
1706,Virú State Religion,1,Americas
1703,Arsenites,1,Europe
1701,The Premonstratensian Order in the Middle Ages,1,Europe
1697,Stylite Monks,1,Europe
1694,Christianity in Byzantium: Between the Schism and the Fourth Crusade,1,Europe
1690,Christianity in Byzantium: between the end of Iconoclasm and the Schism,1,Europe
1689,The Isma'ilis in the Ottoman Empire,1,Asia
1688,Arianism,1,Europe
1677,Royal Hittite Religion,1,Asia
1667,Medérsiens,1,Africa
1654,Le Parti du Mouvement de La Nahda حزب حركة النهضة,1,Africa
1653,Visigothic Homoian Christianity,1,Europe
1636,The second phase of the Iconoclastic Controversy,0,Europe
1627,Mount Putuo 普陀山,1,Americas
1626,The Cult of Maritime Hera,1,Europe
1624,Neo-Assyrian Healers (āšipu/mašmaššu-exorcists),1,Asia
1621,"Saint Spyridon,Kardamyli, southern Greece, postbyzantine church",1,Europe
1619,"Saint Nicholas ""Maroulenas"", Kastania, southern Greece, byzantine church",1,Europe
1615,Teuchitlan Tradition,1,Americas
1607,Zaydism and the state in Yemen,1,Asia
1582,Cult of Bona Dea,1,Europe
1574,Household religion at Ur,0,Asia
1570,Tamil Muslims,1,Asia
1556,Sundexioi (Mithras-worshippers),1,Europe
1555,Al-Ahbash الأحباش,1,Asia
1544,Ukrainian Greek Catholic Church,1,Europe
1542,Umbanda,1,Americas
1535,الجمعية الخيرية الإسلامية بمدينة سوق الأربعاء,1,Africa
1529,Byzantine Iconoclasts (726-787 CE),1,Europe
1522,Tijaniyya Tariqa الطريقة التجانية,1,Africa
1521,Order of the Hermits of St Augustine (Augustinian friars),1,Europe
1517,Tunisian Women's Associations,1,Africa
1511,Sokoto,1,Africa
1505,Sample Religious Group Entry,1,Asia
1495,Secular Buddhists,1,Europe
1492,Nambicuara,1,Americas
1488,Botocudo,1,Americas
1474,Amahuaca,1,Americas
1468,Eastern Christianity From Nicaea to Chalcedon,1,Europe
1461,Saami,1,Europe
1458,Mbuti,1,Africa
1456,Religion in the Middle Bronze Age / Canaan,1,Asia
1454,Hesychastic Controversy,0,Europe
1451,Religion in the Early Bronze Age / Canaan,1,Asia
1450,Tehuelche,1,Americas
1441,Mexica (Aztec) Religion,1,Americas
1436,The Monastic School of Gaza,1,Asia
1434,Kuna,1,Americas
1433,Novatians,1,Europe
1426,Early Missionary Christianity in China,1,Asia
1420,Creek,1,Americas
1419,Ancient Egyptian Religion in the Early 18th Dynasty,1,Africa
1415,Anomeans,1,Europe
1412,Tenrikyo,1,Europe
1409,Formative Olmec,1,Americas
1404,Religion in Nabataea,1,Asia
1400,The Buddhist Nuns of 4th - 6th century China,1,Asia
1399,Religion in the Mittani Empire,1,Asia
1397,The Classic Period Peripheral Coastal Lowlands Ritual Ballgame Cult,1,Americas
1396,Ptolemaic Egypt - Egyptian Religion,1,Africa
1392,Messalians,0,Asia
1390,Eastern Apache,1,Americas
1386,Liumen (Liu School),1,Asia
1376,African Initiated Churches,1,Africa
1374,The Reformed Church (Early Orthodoxy),1,Europe
1371,Twelver Shi'ism in post-revolutionary Iran,1,Asia
1370,Teda,1,Africa
1369,Astronomers in Babylon,1,Asia
1357,Encratites,1,Asia
1352,Śākadvīpīya Brāhmaṇas,1,Asia
1349,The Dingxiang Wang Cult,1,Europe
1348,Disability-focused Christianity for Palestinians,1,Asia
1344,Tibetan Nonsectarianism (ris med),1,Asia
1341,Muslim Students Association of the United States and Canada,1,Americas
1337,Tell Afis (Syria),1,Asia
1335,Congregation of the Oratory,1,Europe
1334,No-debt Movement in US Evangelicalism,1,Americas
1333,Cult of Thecla,1,Europe
1329,Pre-Pottery Neolithic in the Near East,1,Asia
1323,Luguru,1,Africa
1322,Pagans under the Emperor Julian,1,Europe
1321,Mourides (Muridiyya),1,Africa
1319,Reginistas,1,Americas
1312,Bishnoi,1,Asia
1311,Jehovah's Witnesses,1,Americas
1309,Circumcellions,1,Africa
1308,Jews and Jewish-Sympathizers in South Arabia,1,Asia
1307,Southern Baptists,1,Americas
1306,Philistine Religion,1,Asia
1304,Peyote Religion (Peyotism) and the Native American Church,1,Americas
1303,Emar: A Hittite Vassal in Late Bronze Age Syria,1,Asia
1301,Moche (Mochica),1,Americas
1300,"Enlace de Agentes de Pastoral Indígena (EAPI, Network of Indigenous Ministry Agents)",1,Americas
1299,Russians (of Viriatino Village),1,Europe
1295,Donatism,1,Africa
1293,The Zapotec or Ben 'Zaa (The Cloud People),1,Americas
1289,Buginese Muslims,1,Asia
1288,Bailadeiras of Goa,1,Asia
1284,Religion of Phoenicia,1,Asia
1283,Butonese Muslims,1,Asia
1281,Otoro Nuba,1,Africa
1279,Mandarese Muslims,1,Asia
1268,Monotheistic Pre-Islamic South Arabia,1,Asia
1264,Judeans in Babylonia,1,Asia
1263,Judean/Yehudite Colony at Elephantine (Persian period),1,Africa
1259,"The LuWang School, the School of Lu Xiangshan and Wang Yangming",1,Europe
1258,Religion in Judah,1,Asia
1257,Ammonite Religion,1,Asia
1251,Tsonga,1,Africa
1250,Hanbalism,1,Asia
1249,Cult of the Egyptian Gods at Demetrias,1,Europe
1248,Religion in the Old Assyrian Period,1,Asia
1247,Exovedate,1,Americas
1246,Shilluk,1,Africa
1241,Taiping 太平 Movement,1,Asia
1240,Azande,1,Africa
1234,Ashanti,1,Africa
1231,"Shenxiao 神霄 (""Divine Empyrean"") Daoism",1,Asia
1229,Three Self Patriotic Movement (TSPM),1,Europe
1228,Lesu,1,Oceania-Australia
1227,Polytheistic Pre-Islamic South Arabia,1,Africa
1223,Toda,1,Asia
1220,The Cult of Chinggis Khan (a.k.a. Genghis Khan) in Mongolia,1,Europe
1210,Mende,1,Africa
1199,Tiv,1,Africa
1197,Atheism in the Soviet Union,1,Europe
1196,K’iche’ (Quiché),1,Americas
1192,Kaharingan,1,Asia
1191,Religion in Greco-Roman Alexandria,1,Africa
1190,Ancient state of Urartu,1,Asia
1189,Yādiya/Sam'al,1,Asia
1187,Sanctuary at Tell Damiyah,1,Asia
1183,Religion at Nippur in the Ur III period,1,Asia
1180,Batak Traditional Religions,1,Asia
1178,Modern Mystery School (MMS),1,Americas
1175,Religion in Northern Hejaz,1,Asia
1172,Twofold Mystery (Chongxuan 重玄),1,Asia
1162,Lingbao dafa,1,Asia
1156,Solovetski monastery,1,Europe
1154,The Cult of the Fox,1,Asia
1153,Russian Orthodox Mission in Alaska,1,Americas
1149,Christianity in Tang China,1,Asia
1140,Early Medieval Confucianism,1,Asia
1136,The Fellowship of Goodness 同善社 (Tongshanshe),1,Asia
1134,Tiantai,1,Asia
1133,Religion in Greco-Roman Egypt,1,Africa
1129,Ancient Thessalians,1,Europe
1127,Anglican Church of Korea,1,Asia
1125,Ancient Egypt - the Ramesside Period,1,Africa
1110,Twana,1,Americas
1109,Chan Buddhism in the Song,1,Asia
1108,Early Christianity and Monasticism in Egypt,1,Asia
1101,Natchez,1,Americas
1087,The Bogomils,1,Europe
1083,Drukpa Kagyü School (Bhutan),1,Asia
1076,Inquisitors of Goa's Santo Ofício,1,Asia
1069,Religion at Deir el-Medina,1,Africa
1060,The Taizhou Movement,1,Asia
1051,Religion at Tell el-Dab'a (ancient Avaris) in Ancient Egypt,1,Africa
1049,Chalcolithic Southern Levant,1,Asia
1044,Han Imperial Cult under Emperor Wu,1,Asia
1043,Islam in Aceh,1,Asia
1039,(Archaeology of) Religion in New Kingdom Nubia,1,Africa
1038,Sino-Muslims in Qing China,1,Asia
1037,Third Intermediate Period in Ancient Egypt,1,Africa
1031,Eastern Roman Manichaeism,1,Europe
1028,German Pietists (Hasidei Ashkenaz),1,Europe
1024,Universal Salvation Ritual,1,Asia
1015,Ancient Egypt - Predynastic Period - Early Naqada Culture,1,Africa
1013,Estado da Índia Renegades in Deccan,1,Asia
1011,Kingdom of Edom,1,Asia
1010,Pythagoreanism,1,Europe
1008,Ancient Egypt - First Intermediate Period,1,Africa
1006,Ancient Egypt - Old Kingdom,1,Africa
1005,Religion in Elam,1,Asia
1004,Religion in Roman Ostia,1,Europe
997,Ancient Egypt - Early Dynastic Period,1,Africa
995,Tamil Neo-Saivism,1,Asia
994,"Monastic Communities of Lower Egypt: Nitria, Kellia, Scetis",1,Africa
993,Pontifex Maximus and Pontifices (Pontifical College),1,Europe
991,Beat Buddhism,1,Americas
989,Opus Dei,1,Europe
988,Churches of Christ- United States,1,Americas
987,"Parsis, Zoroastrians of India",1,Asia
986,Theurgy,1,Europe
985,The Victorines,1,Europe
984,Calvinism (Early/Reformation),1,Europe
983,Tibetan and Himalayan Mundane and Landscape Cults,1,Asia
982,The Samaritans (Persian to early Roman periods),1,Asia
981,Nation of Islam,1,Americas
980,Pure Land Buddhist Schools in Early Medieval Japan,1,Asia
978,Indonesian Catholicism,1,Asia
977,Chishti Sufis,1,Asia
976,Mising Community,1,Asia
975,Neo-Charismatic Movement - Third Wave Charismatic Movement,1,Americas
974,"Greek Chalcedonian Christians, Nicaea",1,Asia
973,The Sarna religion of the Oraons of Jharkhand,1,Asia
972,Nestorian Christianity,1,Asia
971,Gāṇapatya,1,Asia
970,Cult of Isis (Mysteries of Isis),1,Europe
969,Adi Dravida/Valluva Sakya Buddhism,1,Asia
968,"Anabaptist Mennonites in North America, 1683-2021",1,Americas
966,"Naqshbandī Order, Naqshbandī Tarīqa, Naqshbandīyyah, Khwājagān,",1,Europe
965,Pachomian Monasticism,1,Africa
964,Baul Fakirs of Bengal,1,Asia
963,The Knights Templar,1,Europe
962,Amdo Gelukpa,1,Asia
961,Romanian Orthodox Church,1,Europe
960,Bön (Bon),1,Asia
958,Society of Jesus,1,Europe
957,Spartan Religion,1,Europe
953,Sachchai,1,Asia
952,Ethiopian Jews,1,Asia
950,The Religious Society of Friends,1,Africa
949,The Church of All Worlds,1,Americas
948,Christianity in Ephesus,1,Asia
946,Nyingma (rnying ma),1,Asia
945,Vasco-Aquitanian Religion,1,Europe
944,Mohyla's Ukrainian Church,1,Europe
943,Moravian Missionaries in Nunatsiavut,1,Americas
942,African Methodist Episcopal Church,1,Africa
941,Chan Buddhists in early Qing period,1,Asia
940,Julio-Claudian Imperial Cult,1,Europe
939,Goodenough and Fergusson Islanders,1,Oceania-Australia
938,Ugarit,1,Asia
937,Vestal Virgins,1,Europe
935,Nigerian Pentecostalism,1,Africa
934,Mongolian Buddhism during the Revolutionary Period,1,Europe
933,Marcionites,1,Europe
931,The Society of Jesus (Jesuits) in Britain,1,Europe
929,Drikung Kagyu,1,Asia
928,The Ghost Dance Movement and the Lakota Sioux,1,Americas
927,Zealots,1,Asia
926,Ladakhi Buddhism,1,Asia
925,Rabbinic Judaism (Babylonia),1,Asia
924,Muridiyya of Senegal,1,Africa
921,Bhils,1,Asia
919,Catholicism in contemporary Croatia,1,Europe
918,Fangshi,1,Asia
915,Protestantism welcoming People with Disabilities,1,Americas
914,Tariqa Shadhiliyya,1,Africa
910,Christian Base Community movement,1,Americas
908,Sino-Christian Theology,1,Asia
906,The Church of England,1,Europe
903,The Buddhist community on Mount Lu during early medieval China,1,Asia
900,Pharisees,1,Asia
899,Nahdlatul Ulama (NU),1,Asia
898,Rastafari of Jamaica,1,Americas
897,Gaengjeongyudo,1,Asia
896,Sannō Shintō,1,Asia
894,Universal Fellowship of Metropolitan Community Churches,1,Americas
893,Sethian Gnostic,1,Europe
892,Charismatic Renewal Movement in Christianity - Second Wave Pentecostalism,1,Americas
891,Peruvian Mormons,1,Americas
888,Céli Dé monks,1,Europe
887,Postsocialist Mongolian Shamanism,1,Europe
886,Pushtimarg (The Path of Grace) in the UK and Gujarat,1,Europe
885,Contemporary West African Vodun,1,Africa
884,Sub Saharan Africa Pentecostalism,1,Africa
883,Catholics in the People's Republic of China (PRC),1,Europe
882,Orphism,1,Europe
880,Egyptian Salafism (inluding North Africa and West Asia),1,Asia
879,Free Methodist Church,1,Africa
877,The International Network of Engaged Buddhists - INEB,1,Asia
873,The Branch Davidians,1,Americas
871,Spiritualism,1,Americas
870,Postsocialist Mongolian Buddhism,1,Europe
869,Sichuan Esoteric Buddhist Cult,1,Asia
867,Nyingma Treasure,1,Asia
866,Taigu School,1,Asia
863,Orphism,1,Europe
862,Ilm-e-Khshnoom,1,Asia
860,Kimpa Vita,1,Africa
859,Valentinians,1,Europe
858,"The New Prophecy or ""Montanism""",1,Europe
857,Wesleyanism,1,Africa
855,Middle-Class Migrant Muslims in the UAE,1,Asia
854,pre-Christian Irish,1,Europe
853,Pre-Christian Religion / Paganism in Northern Britain (Pictland / Scotland),1,Europe
852,Pre-Christian Religion / Paganism in Ireland,1,Europe
851,Sikhism in the United States,1,Americas
850,Pre-Christian Religion / Paganism in Gaul,1,Europe
849,"""Gaiwiio Religion,"" ""Longhouse Religion,"" or ""The Way of Handsome Lake"" of the Seneca Tribe",1,Americas
848,Sadducees,1,Asia
846,Xuanzang's Yogācāra Tradition,1,Asia
843,Bnay Qyāmā and Bnāt Qyāmā,1,Asia
842,American Evangelicalism,1,Americas
841,Sa skya,1,Asia
839,19th century German Protestantism,1,Europe
833,Dobu,1,Americas
826,"The Church of Christ, Scientist",1,Europe
812,Temple of the Jedi Order,1,Africa
802,Chinese Nunnery in Myanmar,1,Asia
794,Omaha,1,Americas
788,The Late Bronze Age City-State of Ugarit,1,Asia
771,Muscular Christianity,1,Europe
770,Thai Forest Tradition,1,Asia
769,Wogeo,1,Americas
768,Mundurucu,1,Americas
766,Garo,1,Asia
765,The Oneida Community,1,Americas
764,Timbira (Canela),1,Americas
763,Moriori,1,Oceania-Australia
759,Comanche,1,Americas
757,Kiribati,1,Oceania-Australia
755,Uyghur Islam,1,Europe
752,Haroi,1,Asia
750,Mekeo,1,Oceania-Australia
749,Korean shamanism,1,Asia
748,Lamet,1,Asia
745,Buka,1,Oceania-Australia
742,Thai Bhikkhunis,1,Asia
739,Lakalai,1,Oceania-Australia
738,Ancient Egyptian,1,Africa
737,Nama Hottentot,1,Africa
736,Jivaro,1,Americas
733,Kaska,1,Americas
732,Marquesans,1,Oceania-Australia
729,Kikuyu,1,Africa
728,Pentecost,1,Oceania-Australia
727,Raglai,1,Asia
726,Early Śramaṇas,1,Asia
724,Aweikoma,1,Americas
723,Trumai,1,Americas
722,Gros Ventre,1,Americas
721,Semang,1,Asia
719,Hinduism in Trinidad,1,Americas
717,Igbo,1,Africa
714,Tamil Śaiva Bhakti,1,Asia
713,Northern Saulteaux,1,Americas
712,Huichol,1,Americas
711,Kwoma,1,Oceania-Australia
710,Hidatsa,1,Americas
694,Eyak,1,Americas
691,Fur,1,Africa
690,Ahl-e-Sunnat wa Jamaat,1,Asia
689,Lengua,1,Americas
688,Darul Uloom Deoband,1,Asia
686,Popoluca,1,Americas
685,Badjau,1,Asia
684,Huron,1,Americas
682,Lakher,1,Asia
681,Sargonic Empire,1,Asia
680,Gujarati Mata Worshipers,1,Asia
679,Santal,1,Asia
677,Yapese,1,Oceania-Australia
676,"The Order of the Holy Trinity for the Redemption of Captives, 1198-1500",1,Europe
675,Chukchee,1,Europe
674,Aymara,1,Americas
673,Pawnee,1,Americas
671,Mbau Fijians,1,Oceania-Australia
669,Orokaiva,1,Oceania-Australia
667,Ainu,1,Asia
666,Siuai,1,Oceania-Australia
662,Goajiro,1,Americas
661,Congregation of Savigny,1,Europe
660,Iban,1,Asia
658,Mapuche,1,Americas
657,Trukese,1,Americas
655,Siriono,1,Americas
654,12th-13th c Cistercians,1,Europe
652,Tiwi,1,Oceania-Australia
651,Kapauku,1,Asia
650,Manus,1,Oceania-Australia
649,"Worshippers at the Chidambaram Nataraja Temple, Modern Period",1,Asia
648,Haida,1,Americas
647,Havasupai,1,Americas
645,"Meo Muslim, Mev, Mewati Muslim",1,Asia
639,Chinese Esoteric Buddhism (Tang Tantrism),1,Asia
638,Klamath,1,Americas
637,Yahgan,1,Americas
636,Balinese Śaiva priests (pedanda siwa),1,Asia
635,Ifugao,1,Asia
634,Classical Daoism,1,Asia
633,Mādhva,1,Asia
632,Local Religion at Selinous,1,Europe
631,Cayapa,1,Americas
630,Aranda,1,Oceania-Australia
629,Newar Buddhists,1,Asia
627,Tikopia,1,Europe
626,Barama River Carib,1,Americas
625,Copper Inuit,1,Americas
624,The Roshaniyya,1,Asia
623,Diasporic American Hinduism,1,Americas
622,Miskito,1,Americas
621,Haitians,1,Americas
620,Papago,1,Americas
619,Gilyak,1,Europe
618,Nuxalk,1,Americas
616,Balinese,1,Asia
614,!Kung,1,Africa
613,Maori,1,Oceania-Australia
612,Marshallese,1,Oceania-Australia
611,Javanese,1,Asia
610,Somali,1,Africa
609,Tallensi,1,Africa
608,Kurd,1,Asia
607,Mohism,1,Asia
605,Burmese,1,Asia
604,Bambara,1,Africa
602,Amhara,1,Africa
600,Riffians,1,Africa
599,Lepcha,1,Asia
598,Masai,1,Africa
597,Confucianism - Eastern Zhou,1,Asia
564,Tribal Christianity (and allied castes) in the Himalayas,1,Asia
563,"Gaddi, a Hindu community of the Western Himalayas",1,Asia
562,Medieval Śrīvaiṣṇavism,1,Asia
595,Western Samoans,1,Oceania-Australia
594,Wolof,1,Africa
592,Veerashaivas,1,Asia
591,Koreans,1,Asia
590,Huayan School (Early Tang),1,Asia
589,Warrau,1,Americas
588,Nyakyusa,1,Africa
586,Kelantanese Thai Religion,1,Asia
582,Siamese (Central Thai),1,Asia
581,Mentawai (Rereiket),1,Asia
580,Nāth Sampradāya,1,Asia
578,Gond,1,Asia
577,Ganda,1,Africa
576,Kuy traditional religions,1,Asia
571,Abkhaz,1,Europe
570,Supreme Master Ching Hai World Society,1,Asia
569,Khalka Mongols,1,Europe
567,Gay and Lesbian Vaishnava Association (GALVA-108),1,Europe
565,Fellahin,1,Africa
557,Burusho,1,Asia
553,Andamanese,1,Asia
550,Iban,1,Asia
548,Tiwi,1,Oceania-Australia
546,Orokaiva,1,Oceania-Australia
545,Kapauku,1,Asia
543,Manus,1,Oceania-Australia
538,Yapese,1,Oceania-Australia
537,Ifugao,1,Asia
535,Pāśupatas,1,Asia
534,Roman Imperial Cult,1,Europe
533,Ainu,1,Europe
532,Gilyak,1,Europe
530,Ingalik,1,Americas
526,Hmong Christianity,1,Asia
525,Church of Jesus Christ of Latter-day Saints (modern),1,Africa
520,Cham Ahiér,1,Asia
519,Saulteaux,1,Americas
516,Bellacoola,1,Americas
515,Yurok,1,Americas
513,Yokuts,1,Americas
512,Klamath,1,Americas
511,Gros Ventre,1,Americas
510,Pawnee,1,Americas
502,Comanche,1,Americas
501,Chiricahua,1,Americas
499,Huvasupai,1,Americas
498,Papago,1,Americas
495,Goajiro,1,Americas
494,Cuna,1,Americas
493,Krishna Worship in North India - Modern Period,1,Asia
490,Guglielmites,1,Europe
487,Bribri,1,Americas
486,Church of Jesus Christ of Latter-day Saints (early),1,Americas
485,Sámi pre-Christian religion,1,Europe
484,Northern Irish Protestants,1,Europe
483,Northern Irish Roman Catholics,1,Europe
482,Miskito,1,Americas
481,Huichol,1,Americas
479,Mesopotamian city-state cults of the Early Dynastic periods,1,Asia
478,Early Indian Buddhism,1,Asia
477,Tractarian Movement,1,Europe
476,Cham Bani,1,Asia
472,Karma Kagyu or Kamtsang Kagyu,1,Asia
470,Archaic Spartan Cults,1,Europe
469,Won-Buddhism,1,Asia
460,Jivaro,1,Americas
456,The Essenes,1,Asia
451,Aymara,1,Americas
448,Nambicuara,1,Americas
442,Donatism,1,Africa
441,Worshipers of Śītalā,1,Asia
440,"Jain Digambara Tantra, Karnataka",1,Asia
439,Śaiva Magic,1,Asia
438,Aweikoma,1,Americas
437,Abipon,1,Americas
436,Mapuche,1,Americas
435,Mongol Religion,1,Asia
432,Tehuelche,1,Americas
430,Yahgan,1,Americas
424,Achaemenid Religion,1,Asia
423,Mediterranean,1,Europe
422,Demeter Cult,1,Europe
420,Swaminarayan Sampraday,1,Africa
419,The Worship of Jagannath in Puri (Odisha),1,Asia
418,Tikopia Religion,1,Europe
416,Edinoverie,1,Europe
415,Shaiva World Renouncers,1,Asia
406,Daoism,1,Asia
400,Singaporean Mega-Churches,1,Asia
395,International Society for Krishna Consciousness (ISKCON),1,Africa
392,Sikhism: Guru Hargobind to Guru Gobind Singh,1,Asia
390,Dasara,1,Asia
389,Iban traditional religion,1,Asia
387,Ahmadi; Ahmadiyya Muslim Jama'at; Ahmadiya,1,Asia
386,Kapingamarangi,1,Americas
383,Varkaris,1,Asia
381,Sikhism: Guru Nanak to Guru Arjan,1,Asia
378,Bahinabai Chaudhari's Songs: A Performance Tradition in Maharashtra,1,Asia
374,Non-dual Śaiva Tantra,1,Asia
364,Chittagong Plain Buddhists,1,Asia
361,Classical Greek Religion,1,Europe
358,16th-17th c. Gauḍīya Vaiṣṇava Tradition,1,Asia
355,Paul the Apostle,1,Europe
354,Priests and Scholars of Hellenistic Uruk,1,Asia
338,Kwakwaka'wakw Indigenous Canadian Religion,1,Americas
337,Inca,1,Americas
310,Aztec Imperial Core,1,Americas
308,Neo-Assyrian Scholars,1,Asia
294,Xuanxue 玄學,1,Asia
284,Yolngu religion,1,Oceania-Australia
263,Irish Catholicism,1,Europe
257,Classic Zapotec,0,Americas
256,Etruscan Religion,1,Europe
255,Talismanic Religion,1,Asia
250,"Tiantai Buddhism (Song Dynasty, Liangzhe Circuit)",1,Asia
249,Tyva Republic (Animism-Totemism-Shamanism),1,Europe
245,Warring States Confucian Thought,1,Asia
244,Early Tokugawa Neo-Confucianism,1,Asia
231,Roman private religion,1,Europe
230,Religion in Mesopotamia,1,Asia
228,Late Chosŏn Korea,1,Asia
227,Hindu Goddess Worship in Northwest India—Modern Period,1,Asia
224,Old Norse Fornsed,1,Europe
222,Late Classic Lowland Maya,1,Americas
217,Roman private religion,1,Europe
212,Warring States (China) Religion,0,Asia
211,Amarna Religion,1,Africa
210,Jesus Associations and the Synoptic Gospels,1,Europe
209,Ancient Egypt,1,Africa
207,Buddhism in the Tang,1,Europe
203,Pre-imperial Chu Religion,1,Asia
202,Early Zhou Religion,1,Asia
201,Mediterranean,1,Europe
200,Nechung Cult,1,Asia
199,Mithraism,1,Europe
198,Religion in Attica (600-300BCE),1,Europe
197,Gönlung Monastery (dgon lung byams pa gling),1,Asia
196,Pauline Christianity (ca. 45-60 CE),1,Europe
195,Shakta Religion,1,Asia
193,Fijian Religion (contemporary),1,Africa
192,Fijian Religion (pre-conversion),1,Africa
191,Early Khalsa Sikhs,1,Asia
190,Sri Lankan Buddhism (1948-Present),1,Asia
189,Israelite Religion,1,Asia
186,Buddhism (Late Ming),1,Asia
185,Shinnyo-en,1,Asia
184,Chinese Buddhism (Northern Wei),1,Asia
182,Pauline Christianity,1,Europe
180,Chinese Folk Religion,0,Asia
177,Jesus movement,1,Asia
176,Qumran Movement,1,Asia
174,Matthew-James-Didache Movement,1,Asia
173,Johannine Christianity,1,Asia
